order_id,customer_id,product_id,product_name,price,quantity,region,status,timestamp,date
4bababc9-dc01-456b-af26-c830e9b0ac24,23debbc3-62d8-408c-aa1e-86b8b57a733a,P003,Headphones,150.0,2,Petersonton,placed,2025-04-05 20:39:03,2025-04-05
e9f33dd9-8505-4358-8965-353440445b51,bfd917f9-b458-4bdb-ac1b-f17e57f8d78a,P002,Phone,600.0,1,West Frankland,placed,2025-04-05 20:39:15,2025-04-05
27acce48-39de-4cfd-be02-2cdd81d42fed,f2c94af0-acc9-44be-8ad9-65713509dd6e,P001,Laptop,1000.0,4,New Shawn,cancelled,2025-04-05 20:39:17,2025-04-05
3ab5037c-3c8a-414d-b8be-8e096ce05372,28f102ee-cbb0-4976-b3b9-061b0cb903b0,P004,Shoes,120.0,4,New Nancyview,placed,2025-04-05 20:39:19,2025-04-05
644a1b22-3539-4240-b5be-57801ddcb2a4,76b61ae1-f4ff-4cbd-b8a6-33265bd77a4e,P001,Laptop,1000.0,2,Jocelynport,placed,2025-04-05 20:39:21,2025-04-05
30a377b1-8c93-46a4-81a1-5856879089c9,49ec228e-073c-49ca-8fd8-657194ba3abb,P002,Phone,600.0,4,Zhangmouth,shipped,2025-04-05 20:39:23,2025-04-05
7c6eab65-c4c4-43b8-aa9b-bfee0d709657,057eb4d4-fd5e-4423-9632-4dd644f13ee3,P003,Headphones,150.0,2,East William,shipped,2025-04-05 20:39:25,2025-04-05
2a1f4af3-4e4d-49f9-a367-3ee42ce56438,a29a21c6-38ef-472e-a567-00a770cb7f24,P003,Headphones,150.0,2,Robertfort,placed,2025-04-05 20:39:27,2025-04-05
de5a9139-05c2-4306-b381-821e8affbf9c,fc13f517-caaa-4825-ae2e-af943f1fcc4e,P004,Shoes,120.0,5,Andersonfort,placed,2025-04-05 20:39:29,2025-04-05
9608600e-6e24-4ef6-9ff2-5832ed18ae18,a29d8209-b775-4b2b-8b09-132ea45d1da2,P004,Shoes,120.0,3,East Jenniferborough,cancelled,2025-04-05 20:39:31,2025-04-05
2b0d578b-a265-4a68-a68a-eef93a055654,92c31654-34ae-40b0-ba89-adacb1201eb9,P004,Shoes,120.0,2,Wangtown,shipped,2025-04-05 20:39:33,2025-04-05
1c2a589b-4060-4fcc-8cb7-06498a9f795f,94289d39-f016-47d1-8d74-7b162589cc1e,P002,Phone,600.0,1,Littleborough,placed,2025-04-05 20:39:35,2025-04-05
b4932156-2744-4c7b-ad21-9fe1d53315b7,9e0516a1-3b11-463f-a8af-a9fd236ce6b8,P004,Shoes,120.0,3,North Dennisshire,shipped,2025-04-05 20:39:37,2025-04-05
8523f2f9-8bd2-4841-958f-8e7dc4f86797,cc6d6372-5091-4fd3-8ef9-4e1f85ce5fd0,P001,Laptop,1000.0,5,New Jacobview,placed,2025-04-05 20:39:39,2025-04-05
f31619f2-dff0-4fd6-aae7-5c07d8811fae,1b6d5eba-d77f-4932-9d8e-252b8d3b9266,P005,Backpack,80.0,1,Juliachester,placed,2025-04-05 20:39:41,2025-04-05
872292ae-6f64-49e3-8579-d717870ff1f6,603fe4b5-9a42-40b9-86b9-bcac9bfa38ff,P001,Laptop,1000.0,1,Davidhaven,cancelled,2025-04-05 20:39:43,2025-04-05
3f3c2385-1303-45b8-bb7e-a69bff7d556e,671e28f9-6f93-45aa-847c-8f08dcddb77c,P002,Phone,600.0,4,Port Justinstad,placed,2025-04-05 20:39:45,2025-04-05
7e4025ec-2e51-46f6-b707-603d97912ab7,1f110b02-b402-42bd-8506-51cea3d62e05,P002,Phone,600.0,4,North Davidborough,placed,2025-04-05 20:39:47,2025-04-05
9cfa894a-c143-4250-8a40-3f0361c50bbe,e306a514-f0f7-4aa0-b283-29af2d078543,P002,Phone,600.0,5,New Judyhaven,shipped,2025-04-05 20:39:49,2025-04-05
fe75ca94-5294-47ab-a911-7b93bce2d293,f6f17f4e-8efa-482d-b970-4bedd3259711,P003,Headphones,150.0,1,New Mary,placed,2025-04-05 20:39:51,2025-04-05
cf72edee-e2dd-4de7-b88b-be5ff23d3cf5,08a7df48-5e1e-4f24-96e8-383f624fbe43,P003,Headphones,150.0,5,Lake Dustinside,placed,2025-04-05 20:39:53,2025-04-05
f1786674-6b63-45be-8898-9ca02281717a,24a975aa-6bf6-4764-9c5d-311d9fbe36d4,P003,Headphones,150.0,3,Jasonchester,placed,2025-04-05 20:39:55,2025-04-05
0df682d8-b6f2-4477-aceb-390a43c6681d,0a14759e-b1f6-4436-bb1d-0f878592c363,P003,Headphones,150.0,5,New Geraldville,shipped,2025-04-05 20:39:57,2025-04-05
54e1ef02-2953-485f-8272-7250a02ae2fb,b3a052f6-a153-4ed2-ad28-ad8a481b2c48,P002,Phone,600.0,2,Potterfort,shipped,2025-04-05 20:39:59,2025-04-05
ec4e5485-019d-4f20-8047-9813aa22bbe8,646a88b3-c8c3-43bd-803e-3ae21b4c3ae9,P005,Backpack,80.0,2,Port Nicholastown,placed,2025-04-05 20:40:01,2025-04-05
de531a33-ef87-441c-b408-54796cfafd74,3827c056-e10f-4ab7-a922-62a432b19d2e,P004,Shoes,120.0,5,South Nathan,cancelled,2025-04-05 20:40:03,2025-04-05
8c7ffc91-c853-4418-942c-bc86ed52e086,b6827729-eb66-4fde-8eb0-0f09413bb2fc,P004,Shoes,120.0,3,Walterborough,shipped,2025-04-05 20:40:05,2025-04-05
a4ece1ca-2514-47e7-a213-41db50cd2635,2ca46d81-1c5d-434b-a259-041e88506f1f,P005,Backpack,80.0,2,Melissabury,placed,2025-04-05 20:40:07,2025-04-05
16f1efd8-7cb1-40a6-8584-aa5ad9fdcadc,C686,P004,Shoes,150.0,4,South,shipped,2025-04-09 10:17:31,2025-04-09
0958b992-2bfb-4cba-92ee-9c649eb79756,C905,P002,Headphones,120.0,3,North,placed,2025-04-09 10:17:33,2025-04-09
c8561f5a-2d40-4e2c-8fe5-a008b711bfd8,C474,P001,Headphones,120.0,5,South,cancelled,2025-04-09 10:17:35,2025-04-09
51833264-dc5a-4f61-9bc6-f4f4c118af22,C180,P001,Headphones,120.0,3,South,shipped,2025-04-09 10:17:37,2025-04-09
23ae3460-5750-4dfa-a3f7-767da1560df9,C750,P001,Headphones,600.0,3,North,placed,2025-04-09 10:17:39,2025-04-09
42394e52-2cda-4017-b02d-14b1c25a8fee,C991,P004,Laptop,600.0,3,North,placed,2025-04-09 10:17:41,2025-04-09
848a1972-4094-4e69-b6e8-f8d1352680a8,C950,P004,Phone,150.0,4,East,shipped,2025-04-09 10:17:43,2025-04-09
56cdf4d5-5749-4a19-9989-f6445a1b8a73,C895,P004,Headphones,120.0,1,East,cancelled,2025-04-09 10:17:45,2025-04-09
a58144b1-f728-4342-acf2-d88d82ae7475,C239,P002,Headphones,120.0,1,East,placed,2025-04-09 10:17:47,2025-04-09
097c2486-0140-4484-93f4-18aa916f2ae7,C126,P004,Headphones,1000.0,2,East,placed,2025-04-09 10:17:49,2025-04-09
47872915-2798-4f55-8aa0-7f395f8cbc42,C642,P003,Headphones,120.0,1,East,cancelled,2025-04-09 10:17:51,2025-04-09
69dd964f-9deb-4987-a822-06debe71daec,C985,P004,Headphones,600.0,4,North,placed,2025-04-09 10:17:53,2025-04-09
dba40a89-1f1f-4294-9952-36442164eb68,C665,P004,Shoes,1000.0,3,West,placed,2025-04-09 10:17:55,2025-04-09
2bb5463d-c64a-4e0b-adcf-813dd2e0b54d,C812,P004,Shoes,150.0,4,East,cancelled,2025-04-09 10:17:57,2025-04-09
bc03d8a1-d552-4e88-ab1a-0bee8f3a5c13,C886,P001,Headphones,1000.0,4,South,cancelled,2025-04-09 10:17:59,2025-04-09
793ed992-2edd-47e4-8739-77d9bf2fcf80,C945,P002,Laptop,150.0,2,West,cancelled,2025-04-09 10:18:01,2025-04-09
fdff14aa-c26f-4a0e-a8b6-574ee8117319,C878,P001,Shoes,600.0,3,East,cancelled,2025-04-09 10:18:03,2025-04-09
4925d8b8-8d8d-4dfd-aaf9-17ff2f08300b,C404,P004,Headphones,1000.0,5,South,placed,2025-04-09 10:18:05,2025-04-09
04c59214-2c8d-49c3-b38e-68b897294c9a,C344,P003,Shoes,1000.0,1,North,shipped,2025-04-09 10:18:07,2025-04-09
5f88b5d7-2196-401a-abe1-6c2fe7c9cbff,C237,P001,Shoes,1000.0,4,South,shipped,2025-04-09 10:18:09,2025-04-09
541d5267-a1a3-463d-aaf6-5d644afa10fa,C914,P002,Phone,600.0,2,West,shipped,2025-04-09 10:18:11,2025-04-09
ca1d260c-d584-463f-a3a2-24110558f7e8,C112,P004,Laptop,120.0,4,East,cancelled,2025-04-09 10:18:13,2025-04-09
6978313e-99fc-4286-95ea-8448a512269a,C232,P004,Headphones,150.0,3,South,placed,2025-04-09 10:18:15,2025-04-09
e4da2a92-cab9-45b2-adf8-24689249bb90,C196,P001,Laptop,120.0,1,North,placed,2025-04-09 10:18:17,2025-04-09
e9588fe7-0af3-4d23-8440-8b531275444b,C356,P001,Headphones,150.0,5,North,cancelled,2025-04-09 10:18:19,2025-04-09
dfa10c85-ac6c-478c-a4b3-079506014e02,C973,P001,Phone,600.0,4,West,placed,2025-04-09 10:18:21,2025-04-09
7f60c64c-cea4-44c7-ba45-c2d181f9df1f,C797,P001,Shoes,120.0,3,North,cancelled,2025-04-09 10:18:23,2025-04-09
7728da86-23f5-4b73-8138-f0ffe14d4394,C675,P003,Shoes,1000.0,4,North,placed,2025-04-09 10:18:25,2025-04-09
7b0a20f5-d97b-4214-abbd-787954c4cc49,C753,P001,Shoes,1000.0,1,North,placed,2025-04-09 10:18:27,2025-04-09
2abb31f3-41e6-475c-a8df-bd294b6ca42a,C309,P002,Phone,1000.0,1,South,shipped,2025-04-09 10:18:29,2025-04-09
083069ce-7729-45d4-8197-0cbd4b0a9ff1,C254,P001,Shoes,120.0,1,North,cancelled,2025-04-09 10:18:31,2025-04-09
637a4eb8-a702-46e6-b264-b8faad46039d,C472,P004,Laptop,120.0,5,North,placed,2025-04-09 10:18:33,2025-04-09
d8d2103b-fbd9-4397-afc5-4213f7dc24cb,C939,P001,Headphones,150.0,4,North,shipped,2025-04-09 10:18:35,2025-04-09
a7e74515-01d9-4703-b31f-1e7738ce0313,C455,P004,Headphones,120.0,3,South,shipped,2025-04-09 10:18:37,2025-04-09
5400eab3-6a16-4122-8467-862a01b20406,C825,P003,Headphones,600.0,2,West,cancelled,2025-04-09 10:18:39,2025-04-09
79ef2f96-554b-4a3c-9c04-90759a5f81ff,C550,P004,Laptop,1000.0,1,West,shipped,2025-04-09 10:18:41,2025-04-09
44a39c13-3f72-40e3-a829-c7c6e5a50062,C668,P004,Headphones,150.0,5,West,shipped,2025-04-09 10:18:43,2025-04-09
5e020a22-6875-4179-9f82-f27383a7627d,C811,P004,Laptop,600.0,4,South,placed,2025-04-09 10:18:45,2025-04-09
848106f1-2773-4e86-871e-b8816a61f8a2,C462,P001,Headphones,150.0,1,North,shipped,2025-04-09 10:18:47,2025-04-09
e83f42f1-c942-4e62-8bf7-9ae569ac0077,C227,P004,Phone,150.0,2,South,shipped,2025-04-09 10:18:49,2025-04-09
df54c0b7-742e-4695-89e5-f71f6ce7e43d,C822,P003,Laptop,150.0,5,West,cancelled,2025-04-09 10:18:51,2025-04-09
cc334825-211d-46e7-b0d9-d01d6405b264,C749,P001,Phone,150.0,5,West,placed,2025-04-09 10:18:53,2025-04-09
2bceb067-004d-4a07-8984-8b0afeed0d4f,C101,P001,Laptop,150.0,2,West,shipped,2025-04-09 10:18:55,2025-04-09
cbf7018e-07ea-4161-bde2-2e3f279211ef,C490,P004,Shoes,1000.0,2,East,placed,2025-04-09 10:18:57,2025-04-09
c87fbbc9-78d6-4bb1-8501-0f4431a39a5b,C846,P003,Laptop,120.0,1,East,cancelled,2025-04-09 10:18:59,2025-04-09
69b35bec-22d3-450c-9251-ec7627a34183,C101,P004,Shoes,120.0,4,North,cancelled,2025-04-09 10:19:01,2025-04-09
652bf04c-8448-4868-a331-0d81fd05bd6d,C197,P004,Shoes,1000.0,4,East,placed,2025-04-09 10:19:03,2025-04-09
86b13bfe-2fb8-4720-95f5-867a0a928fdf,C645,P001,Laptop,120.0,3,South,placed,2025-04-09 10:19:05,2025-04-09
ce27b018-6fd5-4da2-a854-5cac406af1c6,C109,P002,Phone,600.0,5,West,shipped,2025-04-09 10:19:07,2025-04-09
a64e8e27-c185-43a0-8e5d-84f4b1034605,C560,P004,Headphones,150.0,5,North,shipped,2025-04-09 10:19:09,2025-04-09
81973e34-6041-4fd0-9914-f4cab1fb9b1a,C523,P002,Shoes,120.0,5,East,cancelled,2025-04-09 10:19:11,2025-04-09
7ded6834-b6b1-40f6-b916-85403d7c55e0,C450,P001,Phone,1000.0,1,East,cancelled,2025-04-09 10:19:13,2025-04-09
acffa3e7-cdd3-46ad-816a-565aba9d09d5,C944,P003,Headphones,600.0,3,South,placed,2025-04-09 10:19:15,2025-04-09
08c5cc04-eb7a-4965-bfdb-a66de135305e,C801,P004,Headphones,600.0,3,North,cancelled,2025-04-09 10:19:17,2025-04-09
41f1a6e6-2969-4fff-8c90-18c4af16f701,C918,P004,Shoes,150.0,2,South,cancelled,2025-04-09 10:19:19,2025-04-09
1b2d1868-e24c-42b8-84e4-79232fb7df74,C480,P004,Shoes,600.0,4,West,cancelled,2025-04-09 10:19:21,2025-04-09
1d62c250-ee4a-4e1b-8d99-ac53c4eb3f3e,C503,P004,Laptop,150.0,3,West,placed,2025-04-09 10:19:23,2025-04-09
d439b0ad-fa59-4a7a-b99e-0dda41bccecf,C215,P003,Phone,120.0,5,West,placed,2025-04-09 10:19:25,2025-04-09
fb653f3c-76cd-4170-a6d9-c3fc0d550287,C617,P001,Shoes,120.0,2,North,shipped,2025-04-09 10:19:27,2025-04-09
069b05a7-60c6-4393-9769-8d32c003f679,C829,P004,Shoes,1000.0,4,North,cancelled,2025-04-09 10:19:29,2025-04-09
8f2593b7-b79d-4f9f-b4c8-3b7601a0522a,C449,P001,Shoes,150.0,3,East,shipped,2025-04-09 10:19:31,2025-04-09
b3541de3-2ccc-4812-aa3a-356bcc19d8d2,C778,P001,Headphones,120.0,4,East,cancelled,2025-04-09 10:19:33,2025-04-09
3ac1e74b-be13-4543-892a-ff412f1a624c,C668,P003,Shoes,1000.0,1,East,shipped,2025-04-09 10:19:35,2025-04-09
8c7c1fa6-2dfe-4d81-afa4-fcb4581eeea9,C149,P004,Shoes,120.0,3,South,shipped,2025-04-09 10:19:37,2025-04-09
94251861-8dc7-436d-b530-7b46455a21ef,C119,P003,Phone,150.0,2,West,placed,2025-04-09 10:19:39,2025-04-09
b3ad803a-824d-44ed-a909-4f1e93217af0,C360,P004,Phone,150.0,3,North,cancelled,2025-04-09 10:19:41,2025-04-09
d9b3f22b-24a2-4b59-981d-1e2d16409fcb,C634,P002,Shoes,1000.0,2,North,cancelled,2025-04-09 10:19:43,2025-04-09
ea7bed95-c644-48c9-8667-c0accbb8ba89,C449,P003,Laptop,120.0,2,East,shipped,2025-04-09 10:19:45,2025-04-09
c6133c00-8b01-41b7-84f7-aa2325e40446,C234,P003,Phone,150.0,5,East,cancelled,2025-04-09 10:19:47,2025-04-09
e2d2aa8e-257d-4200-a874-9dc37d6db19c,C599,P001,Headphones,120.0,3,West,placed,2025-04-09 10:19:49,2025-04-09
fee8be17-aa70-463b-b422-287ac81527ff,C240,P001,Headphones,120.0,3,East,cancelled,2025-04-09 10:19:51,2025-04-09
3025c9bc-6aeb-43d9-bda3-c2dbbc21a667,C606,P002,Phone,600.0,2,West,placed,2025-04-09 10:19:53,2025-04-09
d1cd7cc8-eb4d-4fac-b59c-389d79898eff,C792,P002,Headphones,1000.0,5,South,shipped,2025-04-09 10:19:55,2025-04-09
e65def2b-ee77-44f9-8666-3512a75ec623,C540,P002,Laptop,120.0,4,West,cancelled,2025-04-09 10:19:57,2025-04-09
4b926d1e-0f1e-469a-b44c-a14b9048cfda,C484,P003,Headphones,150.0,3,North,cancelled,2025-04-09 10:19:59,2025-04-09
c0a3a7ef-c67b-4809-8ec2-e4f855349e8c,C488,P003,Headphones,1000.0,3,West,cancelled,2025-04-09 10:20:01,2025-04-09
3979c935-ac1e-4b91-a17b-07bf37d7bdbd,C679,P003,Shoes,150.0,4,North,placed,2025-04-09 10:20:03,2025-04-09
d639e45c-8c9a-4bdb-8184-8bdb9ebd9200,C201,P003,Laptop,150.0,2,South,cancelled,2025-04-09 10:20:05,2025-04-09
22cc28f5-5a0e-4307-afd0-bf58dec23902,C364,P001,Shoes,150.0,5,West,cancelled,2025-04-09 10:20:07,2025-04-09
594bb6b2-7126-4584-87ee-ed1e8bb591e0,C566,P004,Phone,150.0,5,West,shipped,2025-04-09 10:20:09,2025-04-09
44e3f1be-172b-4057-964c-57e208067f32,C472,P003,Laptop,600.0,2,South,shipped,2025-04-09 10:20:11,2025-04-09
69476b70-18f6-4387-9934-cec3b7b27bbb,C572,P003,Laptop,600.0,5,North,shipped,2025-04-09 10:20:13,2025-04-09
0ede6336-483d-4e10-98fe-5144ecbcc6b0,C678,P004,Shoes,1000.0,3,East,cancelled,2025-04-09 10:20:15,2025-04-09
f75a9901-0c59-4931-8ca7-a7a2167dd25e,C166,P003,Phone,1000.0,5,East,placed,2025-04-09 10:20:17,2025-04-09
f7f89d95-7c20-41a5-945c-115355bc7ab8,C865,P003,Shoes,120.0,4,North,placed,2025-04-09 10:20:19,2025-04-09
74484251-0099-403f-b471-b38058857ece,C480,P002,Headphones,600.0,2,North,shipped,2025-04-09 10:20:21,2025-04-09
51d7ae41-f99c-4b03-bd14-67c7762b9d38,C169,P003,Phone,150.0,5,East,placed,2025-04-09 10:20:23,2025-04-09
7a185047-eed6-434d-afd3-0fc1ca7ea622,C910,P003,Laptop,600.0,4,West,cancelled,2025-04-09 10:20:25,2025-04-09
0297b74f-dc4a-44d4-a7ab-5df9ae09a30d,C585,P004,Shoes,150.0,3,East,cancelled,2025-04-09 10:20:27,2025-04-09
7be59777-3b18-484e-a1f6-bd31ff78c726,C138,P004,Headphones,120.0,4,North,cancelled,2025-04-09 10:20:29,2025-04-09
64da92a4-9eff-40bd-8255-eabf69e0e9f4,C408,P004,Phone,1000.0,5,East,shipped,2025-04-09 10:20:31,2025-04-09
661551ac-b66a-49d0-adb5-3d3b7723f00f,C244,P004,Phone,1000.0,1,West,shipped,2025-04-09 10:20:33,2025-04-09
90850781-e19e-4a2a-9777-aa0fbc66f2b1,C118,P001,Phone,150.0,4,West,cancelled,2025-04-09 10:20:35,2025-04-09
1437ec11-8d98-4ff8-a4a7-8fa4f4a9100b,C221,P003,Phone,150.0,5,West,shipped,2025-04-09 10:20:37,2025-04-09
655ebac9-74c2-4685-a3ff-631ed1193a0f,C856,P003,Phone,150.0,5,South,cancelled,2025-04-09 10:20:39,2025-04-09
57f8b6a6-e841-4451-9840-451ec03161b4,C334,P004,Laptop,1000.0,5,West,placed,2025-04-09 10:20:41,2025-04-09
32241cb2-80e5-48ac-bebf-ba6e2bcc2514,C569,P001,Phone,1000.0,2,North,shipped,2025-04-09 10:20:43,2025-04-09
e6809623-1857-469e-bdc3-b7104a0c2f02,C423,P002,Phone,120.0,5,East,cancelled,2025-04-09 10:20:45,2025-04-09
9fb21da2-0a7f-4a61-9820-e642c4334a97,C662,P001,Laptop,1000.0,4,North,placed,2025-04-09 10:20:47,2025-04-09
bda07616-8208-4b33-8162-4b9662d9e63e,C832,P001,Shoes,1000.0,1,North,cancelled,2025-04-09 10:20:49,2025-04-09
a56e437d-96f1-457b-a3f7-039e52c2fc1f,C634,P001,Shoes,1000.0,1,East,cancelled,2025-04-09 10:20:51,2025-04-09
8db25eb8-4081-4440-b405-4eed6ccafc25,C810,P003,Phone,150.0,4,North,placed,2025-04-09 10:20:53,2025-04-09
7c5296e4-188f-43c7-8cb0-e3662ce5e362,C631,P001,Phone,150.0,5,West,cancelled,2025-04-09 10:20:55,2025-04-09
bcc45ef5-1278-454f-b378-808619f55ed2,C595,P004,Laptop,150.0,5,East,cancelled,2025-04-09 10:20:57,2025-04-09
3ad4b8c9-b575-4390-8687-0d983e84dd8b,C406,P004,Phone,120.0,3,North,placed,2025-04-09 10:20:59,2025-04-09
1cbaa886-9f3d-4bb8-a21a-7839975fd07d,C308,P002,Phone,120.0,2,East,cancelled,2025-04-09 10:21:01,2025-04-09
32beb1e2-2d8b-40ae-be69-14c8c78c4fe5,C786,P001,Headphones,120.0,5,East,shipped,2025-04-09 10:21:03,2025-04-09
a56c5b29-7a8b-453c-a1c0-6fa1cb7832df,C555,P001,Shoes,150.0,4,West,placed,2025-04-09 10:21:05,2025-04-09
16a5c85a-8fd0-4303-8ccc-7e9b5d3d5080,C750,P001,Shoes,600.0,5,South,placed,2025-04-09 10:21:07,2025-04-09
f1c6a327-f3d3-49a9-950e-c751f725f95c,C575,P004,Laptop,150.0,3,North,shipped,2025-04-09 10:21:09,2025-04-09
991b0451-7f48-4d52-9b02-257797683dd3,C479,P002,Headphones,120.0,4,South,placed,2025-04-09 10:21:11,2025-04-09
95aaabd9-8b70-43df-80a5-fa166b524e4d,C946,P002,Shoes,150.0,1,East,cancelled,2025-04-09 10:21:13,2025-04-09
0b5d5a22-810e-4d4c-818e-8b1cb196cf37,C111,P002,Laptop,150.0,3,South,placed,2025-04-09 10:21:15,2025-04-09
322a06e9-e6e3-4b08-bb2f-30584fdb57a5,C878,P001,Headphones,600.0,5,North,placed,2025-04-09 10:21:17,2025-04-09
fb18a0e8-8132-43a7-bb05-ba28976f3a75,C317,P004,Shoes,1000.0,2,West,shipped,2025-04-09 10:21:19,2025-04-09
87aa5336-39ba-4f1b-b2a6-43ca8d4d2238,C676,P004,Laptop,600.0,3,North,placed,2025-04-09 10:21:21,2025-04-09
2d5acf6b-9178-42ff-8064-ba7cfeec99c4,C799,P003,Laptop,600.0,3,East,shipped,2025-04-09 10:21:23,2025-04-09
65c9141d-fb1b-4ed9-b5e2-c44400081440,C504,P002,Phone,120.0,1,East,cancelled,2025-04-09 10:21:25,2025-04-09
b5284caa-8817-44cc-b795-48b7f772c77e,C455,P001,Laptop,120.0,5,East,cancelled,2025-04-09 10:21:27,2025-04-09
d2bf59cc-d9f8-466c-af4e-c4848f0f4a41,C648,P001,Shoes,600.0,4,East,cancelled,2025-04-09 10:21:29,2025-04-09
5b896132-7a03-4d53-9f06-2c30601809c0,C252,P001,Headphones,1000.0,2,North,shipped,2025-04-09 10:21:31,2025-04-09
868f80ef-b14f-4811-9899-48762cc4a19c,C112,P001,Laptop,600.0,5,East,shipped,2025-04-09 10:21:33,2025-04-09
eaa4e144-8783-43a5-a45c-62db37cfffad,C446,P003,Laptop,150.0,5,North,shipped,2025-04-09 10:21:35,2025-04-09
c282a3cb-37cf-4928-bc0f-3c8437262882,C460,P001,Shoes,600.0,1,West,shipped,2025-04-09 10:21:37,2025-04-09
0110aa30-101b-418e-854e-8f8899a28f3b,C290,P001,Shoes,120.0,1,North,placed,2025-04-09 10:21:39,2025-04-09
537dd06e-e781-4106-bd11-640d072185c9,C354,P002,Laptop,150.0,3,East,cancelled,2025-04-09 10:21:41,2025-04-09
83e420e2-b819-4dde-bb22-9099f4709f1f,C401,P003,Headphones,150.0,2,South,cancelled,2025-04-09 10:21:43,2025-04-09
49ae968c-fea8-4977-b07b-a5967a10e1b5,C169,P004,Laptop,120.0,3,West,placed,2025-04-09 10:21:45,2025-04-09
616672cb-eccc-4517-b66d-5c39cebee7e0,C309,P001,Headphones,600.0,5,West,shipped,2025-04-09 10:21:47,2025-04-09
07805240-ff8f-4bda-bea6-f016cfeb1050,C899,P001,Laptop,600.0,3,South,shipped,2025-04-09 10:21:49,2025-04-09
6d7096f5-8636-44ff-8078-c2817f8b1557,C173,P001,Laptop,1000.0,1,North,placed,2025-04-09 10:21:51,2025-04-09
517fa19a-89b5-4f14-acfd-492a82d78cbe,C992,P003,Phone,1000.0,2,East,cancelled,2025-04-09 10:21:53,2025-04-09
025cd42b-ed24-4738-9258-3a3de9389d5b,C344,P004,Shoes,120.0,4,South,placed,2025-04-09 10:21:55,2025-04-09
4ca27eb7-d0af-4db6-97b2-2aa78986dc77,C339,P003,Shoes,1000.0,1,South,placed,2025-04-09 10:21:57,2025-04-09
f20bec32-3981-480f-a64d-97d2ca75c7b9,C234,P003,Phone,150.0,1,East,cancelled,2025-04-09 10:21:59,2025-04-09
de94233d-022c-4b43-86bd-03898a95b4f9,C322,P004,Phone,150.0,3,South,placed,2025-04-09 10:22:01,2025-04-09
707b536b-c7c1-41ad-9b9e-a56eb2101559,C774,P001,Headphones,120.0,2,East,cancelled,2025-04-09 10:22:03,2025-04-09
035dba33-d4d4-4216-a463-0211c855bfc6,C438,P001,Headphones,1000.0,5,East,placed,2025-04-09 10:22:05,2025-04-09
0755cb97-6d55-4821-801e-2194281e4329,C877,P002,Phone,150.0,1,South,cancelled,2025-04-09 10:22:07,2025-04-09
0a43ed0a-d4ad-435d-8666-d890ad50094a,C842,P004,Laptop,1000.0,5,West,shipped,2025-04-09 10:22:09,2025-04-09
34c0d644-4376-4d1b-ad60-0cbd659cf3d2,C676,P001,Laptop,120.0,4,West,cancelled,2025-04-09 10:22:11,2025-04-09
b04b0536-07d4-49bd-bd5b-552a5b0c3290,C835,P002,Headphones,120.0,2,East,shipped,2025-04-09 10:22:13,2025-04-09
ba8efa66-fa54-407a-9683-a87d4a483673,C222,P003,Phone,150.0,4,East,shipped,2025-04-09 10:22:15,2025-04-09
743924e2-f558-457d-83c8-472aad258698,C610,P002,Shoes,1000.0,1,North,placed,2025-04-09 10:22:17,2025-04-09
5db2e53d-fd75-494c-99e8-63d0a097f468,C892,P003,Phone,120.0,1,West,cancelled,2025-04-09 10:22:19,2025-04-09
06a203e7-9435-4ce4-8368-67c29430a465,C118,P002,Shoes,1000.0,1,South,cancelled,2025-04-09 10:22:21,2025-04-09
d2b9f35b-2ef0-4f5f-8a9f-09099369a0cf,C559,P004,Phone,600.0,3,North,cancelled,2025-04-09 10:22:23,2025-04-09
69d10c54-9dd3-40d8-8fec-dec5c3654a42,C673,P002,Headphones,600.0,1,West,shipped,2025-04-09 10:22:25,2025-04-09
6a2cd90d-016d-4ac6-a7b1-6ef07b78df84,C370,P004,Phone,150.0,1,South,placed,2025-04-09 10:22:27,2025-04-09
9307ed00-1f4d-48cb-beca-6af370316f19,C769,P001,Laptop,120.0,2,West,shipped,2025-04-09 10:22:29,2025-04-09
f9387937-ba51-4d43-984f-d21c3127e965,C169,P003,Laptop,150.0,1,South,placed,2025-04-09 10:22:31,2025-04-09
d0c52699-cc3c-4804-9e4f-fe4b352faecf,C881,P002,Laptop,1000.0,5,East,cancelled,2025-04-09 10:22:33,2025-04-09
d4b77522-30d8-460d-9993-b00888209f05,C648,P002,Phone,150.0,1,East,cancelled,2025-04-09 10:22:35,2025-04-09
1f0a897d-e062-463f-998a-e78114c94bcb,C939,P004,Laptop,150.0,4,West,cancelled,2025-04-09 10:22:37,2025-04-09
e6b6d879-3a9b-437c-907a-fa98de2addf3,C722,P004,Headphones,120.0,4,South,placed,2025-04-09 10:22:39,2025-04-09
fa92b2d4-0a6e-4b38-8f51-ca06a05584fd,C355,P004,Shoes,600.0,5,South,cancelled,2025-04-09 10:22:41,2025-04-09
2a106322-74c5-4e91-9267-69e0863f86e6,C571,P004,Headphones,1000.0,2,North,cancelled,2025-04-09 10:22:43,2025-04-09
8de0b1fa-63d7-4b4b-9ac8-e11873dc9791,C298,P001,Headphones,120.0,3,South,cancelled,2025-04-09 10:22:45,2025-04-09
6c78c2e8-ceda-48a0-a2e0-1292c2d801c8,C781,P001,Laptop,120.0,1,North,placed,2025-04-09 10:22:47,2025-04-09
0bc6afbf-6ea7-4acb-bb84-e5b23bcd41b6,C475,P001,Laptop,600.0,2,South,cancelled,2025-04-09 10:22:49,2025-04-09
c1081c45-01a0-4770-88ca-4c6755b8ee34,C158,P002,Phone,150.0,4,South,shipped,2025-04-09 10:22:51,2025-04-09
33ce5606-958e-44a8-addf-71f034beb30b,C776,P002,Headphones,120.0,3,North,shipped,2025-04-09 10:22:53,2025-04-09
26040309-413f-46c3-b845-5636f02727e4,C171,P004,Phone,1000.0,4,North,placed,2025-04-09 10:22:55,2025-04-09
bface466-2205-42e1-a489-e27413e64b85,C521,P001,Headphones,120.0,3,East,shipped,2025-04-09 10:22:57,2025-04-09
ed7d8d20-1171-426e-90ba-6de3508051ba,C470,P003,Shoes,150.0,2,North,shipped,2025-04-09 10:22:59,2025-04-09
f2959b8e-19a6-4ade-aa2a-8a06ddeb46f6,C693,P001,Laptop,600.0,3,North,shipped,2025-04-09 10:23:01,2025-04-09
f4e5bdb5-6b60-45f2-9bc7-b791e3c8475b,C164,P003,Phone,600.0,2,East,cancelled,2025-04-09 10:23:03,2025-04-09
7649a60b-0225-47af-a28a-eedd7496f0af,C866,P002,Laptop,1000.0,1,South,cancelled,2025-04-09 10:23:05,2025-04-09
7697f289-31d0-4981-aed9-0d90698b3ae0,C171,P002,Shoes,1000.0,3,West,placed,2025-04-09 10:23:07,2025-04-09
4f4fc543-28df-421d-9c31-510e1cdbe8fe,C241,P002,Headphones,600.0,5,East,shipped,2025-04-09 10:23:09,2025-04-09
cc7e1ecb-2c55-4d38-ac77-f1524707decf,C650,P004,Phone,1000.0,4,East,shipped,2025-04-09 10:23:11,2025-04-09
63b0a4d2-e4ac-4465-8633-47acb762479e,C561,P002,Headphones,150.0,4,East,cancelled,2025-04-09 10:23:13,2025-04-09
5fe92537-893a-4e8f-949e-8bc70dda0d6b,C200,P003,Laptop,1000.0,4,West,shipped,2025-04-09 10:23:15,2025-04-09
febed771-cbcc-45bc-8c26-db923a66790e,C842,P003,Phone,150.0,3,East,shipped,2025-04-09 10:23:17,2025-04-09
e3dd4110-d159-4626-b60d-4877e9428ad6,C886,P002,Laptop,150.0,3,South,cancelled,2025-04-09 10:23:19,2025-04-09
ed189a3c-4526-47fe-b6da-4a3e6e3e60f0,C151,P001,Headphones,1000.0,5,North,cancelled,2025-04-09 10:23:21,2025-04-09
bf35a749-053d-4667-91be-251f6a131e5c,C489,P004,Headphones,120.0,3,West,shipped,2025-04-09 10:23:23,2025-04-09
97617269-5278-4b56-b25d-9ac54d98aa07,C374,P004,Headphones,600.0,2,North,cancelled,2025-04-09 10:23:25,2025-04-09
2ee7f6de-7ddc-497a-b0da-36c280628c9b,C686,P001,Headphones,120.0,4,North,shipped,2025-04-09 10:23:27,2025-04-09
14159f5c-8c4f-447b-85ba-6a3a0ece2797,C610,P001,Laptop,120.0,4,West,shipped,2025-04-09 10:23:29,2025-04-09
55cd5c1e-64be-4fb2-84af-7edba1493e9a,C530,P002,Laptop,150.0,2,East,cancelled,2025-04-09 10:23:31,2025-04-09
4278e72d-373c-4187-82fe-c854ee4df808,C944,P002,Headphones,1000.0,4,South,shipped,2025-04-09 10:23:33,2025-04-09
9acec31d-2614-4e10-b5da-43fb28bb7c44,C263,P001,Headphones,150.0,2,West,cancelled,2025-04-09 10:23:35,2025-04-09
2b54ab14-3293-49d7-8cf6-5de684a266f7,C331,P001,Headphones,1000.0,4,East,shipped,2025-04-09 10:23:37,2025-04-09
c1038d1d-0d9b-4c6c-8863-c71a779ba1c8,C402,P001,Phone,150.0,3,North,shipped,2025-04-09 10:23:39,2025-04-09
36b775f5-10fe-48a4-afb1-d9b130827aa9,C519,P003,Phone,150.0,5,South,shipped,2025-04-09 10:23:41,2025-04-09
cea9e732-ec46-4e9d-8a29-7d70d765376f,C884,P002,Headphones,1000.0,3,South,shipped,2025-04-09 10:23:43,2025-04-09
1476832a-6a49-4c8e-8a7a-a9e5c7d923e2,C936,P003,Laptop,150.0,5,East,placed,2025-04-09 10:23:45,2025-04-09
93aff508-f1c5-4577-bce4-794d2bc11459,C187,P002,Headphones,600.0,1,East,placed,2025-04-09 10:23:47,2025-04-09
2554df88-cdf7-43e7-986c-1dacca94aae1,C230,P002,Shoes,1000.0,4,North,shipped,2025-04-09 10:23:49,2025-04-09
03f5aca2-2ccc-47d7-81ba-66122c88078a,C850,P003,Headphones,150.0,2,North,shipped,2025-04-09 10:23:51,2025-04-09
ca82fc77-3396-48d2-a678-fa498bc796c3,C751,P003,Shoes,600.0,1,East,cancelled,2025-04-09 10:23:53,2025-04-09
c408c1d9-ca45-401b-845f-d3ef76bc7c7f,C887,P004,Laptop,150.0,4,North,shipped,2025-04-09 10:23:55,2025-04-09
906e2c47-cbcc-47f4-b6d5-438e4145c45d,C774,P004,Headphones,120.0,5,East,placed,2025-04-09 10:23:57,2025-04-09
ba55f27d-2a11-4628-9ed3-6bb43653e579,C394,P001,Shoes,150.0,5,West,placed,2025-04-09 10:23:59,2025-04-09
ecce96ee-a220-4eb1-818d-a434b0296dcb,C123,P002,Shoes,600.0,2,East,placed,2025-04-09 10:24:01,2025-04-09
aba0d255-4c26-4da3-85a0-c498c3bb9099,C641,P004,Laptop,120.0,5,West,placed,2025-04-09 10:24:03,2025-04-09
9ada005a-d08f-4086-947d-e9db259abb47,C312,P004,Phone,1000.0,1,North,placed,2025-04-09 10:24:05,2025-04-09
914beae9-eaff-4533-9d7f-75e9f7926b00,C768,P001,Shoes,1000.0,3,North,placed,2025-04-09 10:24:07,2025-04-09
f2ae126c-80a0-4fbb-ae3a-fed3fd9d4b10,C582,P003,Shoes,120.0,1,North,cancelled,2025-04-09 10:24:09,2025-04-09
0ffde6cf-9219-4f1e-b66d-c558a0e3162d,C461,P003,Laptop,600.0,3,West,cancelled,2025-04-09 10:24:11,2025-04-09
a4d09144-8934-4b77-aa11-12c05a1b7bb1,C645,P004,Laptop,120.0,2,West,shipped,2025-04-09 10:24:13,2025-04-09
4dd48736-cd7a-44ee-8e77-29fbf76b8bd3,C125,P001,Headphones,1000.0,1,South,placed,2025-04-09 10:24:15,2025-04-09
c4e7c690-674b-4d85-b814-0c69b1e12519,C808,P004,Phone,1000.0,1,East,cancelled,2025-04-09 10:24:17,2025-04-09
f5d0ad57-be1e-40e2-acb9-9daf47820c72,C815,P004,Shoes,150.0,3,East,placed,2025-04-09 10:24:19,2025-04-09
e80e80d7-0ae1-4796-9702-0a70c06a5c7f,C737,P003,Phone,600.0,1,South,cancelled,2025-04-09 10:24:21,2025-04-09
e49891a4-8b83-4dee-bb30-e2f8a8784869,C250,P002,Headphones,600.0,5,West,shipped,2025-04-09 10:24:23,2025-04-09
b0141f50-3d47-46c4-9a69-71a0722cec25,C737,P004,Phone,600.0,1,West,placed,2025-04-09 10:24:25,2025-04-09
7fd273a1-4c64-466f-8cc1-d6785ea657d0,C485,P003,Phone,1000.0,3,South,placed,2025-04-09 10:24:27,2025-04-09
0378ad46-f30b-4fd3-ac75-1dc73181bca7,C845,P001,Shoes,150.0,3,East,cancelled,2025-04-09 10:24:29,2025-04-09
842bf9c9-a1a5-47b5-8e0b-5da3a3fed0f6,C737,P003,Shoes,600.0,4,South,placed,2025-04-09 10:24:31,2025-04-09
d817dca4-0660-4d42-97e0-3a89cd35b23a,C288,P003,Shoes,120.0,3,North,cancelled,2025-04-09 10:24:33,2025-04-09
b1056088-00a9-4dfe-986c-8584e8271a55,C997,P001,Phone,120.0,2,North,placed,2025-04-09 10:24:35,2025-04-09
544e6cf3-f90a-45b5-8b16-47fbe190c247,C714,P001,Shoes,1000.0,4,North,placed,2025-04-09 10:24:37,2025-04-09
8233bda4-068e-456e-9265-50378adb506a,C177,P004,Shoes,600.0,4,South,cancelled,2025-04-09 10:24:39,2025-04-09
d940b329-c0dd-4234-a2be-315b6c3bb020,C258,P002,Phone,1000.0,2,South,placed,2025-04-09 10:24:41,2025-04-09
87e6fcaa-99b8-4112-be0c-2bf6d7bc292a,C239,P001,Phone,120.0,1,South,cancelled,2025-04-09 10:24:43,2025-04-09
73de7e22-f006-4a02-80b9-ed89e635cd08,C821,P004,Shoes,600.0,1,North,cancelled,2025-04-09 10:24:45,2025-04-09
c3fa4c39-f25b-4fb3-a4a0-40893ae7e501,C420,P001,Shoes,1000.0,3,West,placed,2025-04-09 10:24:47,2025-04-09
d37dea7e-58f4-42d9-92d3-97958063d4d7,C478,P004,Phone,1000.0,5,East,cancelled,2025-04-09 10:24:49,2025-04-09
88ee4b15-0d18-441d-b96b-f2d0aacc5573,C941,P002,Phone,1000.0,1,North,placed,2025-04-09 10:24:51,2025-04-09
2db40ef4-0437-4817-8e6a-84e036c403c2,C376,P004,Shoes,120.0,3,East,shipped,2025-04-09 10:24:53,2025-04-09
f25600bd-6b92-4cd4-9a10-6429f0328fab,C204,P003,Shoes,150.0,2,South,cancelled,2025-04-09 10:24:55,2025-04-09
88200bfd-212a-41cd-8df1-750a2a8eba37,C515,P001,Shoes,120.0,4,North,cancelled,2025-04-09 10:24:57,2025-04-09
d87f02dd-4473-4f7f-8955-a8f753a2b837,C525,P003,Headphones,600.0,5,North,cancelled,2025-04-09 10:24:59,2025-04-09
7d9d338d-150e-49d3-a6a6-8f7c022dd264,C738,P003,Phone,600.0,1,East,cancelled,2025-04-09 10:25:01,2025-04-09
29ba9f16-2c56-44fc-8f77-6edb04cc14a4,C752,P001,Laptop,1000.0,4,East,placed,2025-04-09 10:25:03,2025-04-09
b219ef7e-01e5-4447-a3e3-d584f9995024,C553,P002,Phone,150.0,3,North,placed,2025-04-09 10:25:05,2025-04-09
5749614f-6655-427a-a063-20f1f08af948,C496,P002,Shoes,1000.0,1,West,placed,2025-04-09 10:25:07,2025-04-09
b3c996fb-ba04-4da4-8728-8f718ea01086,C386,P003,Headphones,1000.0,5,West,cancelled,2025-04-09 10:25:09,2025-04-09
cf669cf4-aed9-4183-a4e7-719e75a6aa0e,C115,P003,Headphones,600.0,3,East,shipped,2025-04-09 10:25:11,2025-04-09
e475d927-ab8f-40b9-b269-a84b3c251f33,C920,P004,Phone,150.0,1,East,cancelled,2025-04-09 10:25:13,2025-04-09
198771c9-d1e4-4a36-9a53-fcb3efbe3b65,C178,P003,Headphones,1000.0,1,North,placed,2025-04-09 10:25:15,2025-04-09
1f2da1df-324e-4abb-b297-c3c6aded6782,C427,P002,Laptop,120.0,3,South,shipped,2025-04-09 10:25:17,2025-04-09
7ac0f3f4-2de4-497f-8c46-b167c3b98922,C844,P001,Headphones,150.0,3,East,cancelled,2025-04-09 10:25:19,2025-04-09
29576cc8-cd3f-4d09-aeae-0ac6db5b1d8e,C313,P003,Shoes,1000.0,5,West,placed,2025-04-09 10:25:21,2025-04-09
04027623-8458-460c-a395-3498ab6d9ced,C188,P001,Laptop,150.0,4,North,cancelled,2025-04-09 10:25:23,2025-04-09
d1b86202-d769-4a0d-bff0-a3b2f277be24,C261,P001,Phone,150.0,5,East,cancelled,2025-04-09 10:25:25,2025-04-09
af76c179-f212-47a6-9701-d5207c4832d1,C767,P003,Phone,600.0,4,West,placed,2025-04-09 10:25:27,2025-04-09
51924947-a1ff-4720-97b5-aea4c30cfd5d,C439,P001,Headphones,600.0,3,West,cancelled,2025-04-09 10:25:29,2025-04-09
46248a36-c04d-4004-85cc-7f8e9819bea9,C292,P001,Shoes,120.0,4,West,cancelled,2025-04-09 10:25:31,2025-04-09
936fa5a0-4e71-4b51-a4fd-a16a27ddbaea,C835,P001,Phone,600.0,3,East,placed,2025-04-09 10:25:33,2025-04-09
46528ccc-d77e-477f-8194-445985e8bb8c,C406,P003,Phone,600.0,5,South,cancelled,2025-04-09 10:25:35,2025-04-09
27aedbca-179b-4e49-9c91-07b04b1656bd,C506,P004,Laptop,1000.0,5,North,shipped,2025-04-09 10:25:37,2025-04-09
f2b9f100-7f42-4d14-a4af-9e136ada18a8,C118,P004,Headphones,120.0,2,West,shipped,2025-04-09 10:25:39,2025-04-09
9474146e-8384-46df-8fce-97bc2b3ff20a,C528,P002,Shoes,1000.0,1,East,shipped,2025-04-09 10:25:41,2025-04-09
781a3844-60c4-4912-ba56-ba7a3f9b5a64,C266,P002,Phone,150.0,5,North,cancelled,2025-04-09 10:25:43,2025-04-09
4059611a-c22a-4a1b-a561-121aecd5ad30,C236,P004,Shoes,1000.0,5,East,placed,2025-04-09 10:25:45,2025-04-09
1ef86335-84ce-42e2-ac31-89b12e97cb86,C804,P002,Phone,600.0,3,South,shipped,2025-04-09 10:25:47,2025-04-09
140b92fa-9670-4185-8371-3bd3508f7bb7,C748,P001,Phone,120.0,2,South,cancelled,2025-04-09 10:25:49,2025-04-09
ca69aa7e-3cbb-4329-a935-4a3d043febf7,C317,P001,Shoes,120.0,1,South,shipped,2025-04-09 10:25:51,2025-04-09
5f7e637c-aec2-4fcc-9480-5f7f88f36ed9,C522,P002,Phone,120.0,2,West,shipped,2025-04-09 10:25:53,2025-04-09
cbde0be9-79c2-4f7a-9004-71dcc16b0847,C713,P004,Shoes,1000.0,1,East,cancelled,2025-04-09 10:26:47,2025-04-09
fcc51c31-a462-4c6a-be23-0c84fec34890,C433,P002,Shoes,120.0,2,South,placed,2025-04-09 10:26:49,2025-04-09
04c29474-fefd-40a8-85ac-0bcd6aad3168,C583,P002,Shoes,1000.0,3,West,placed,2025-04-09 10:26:51,2025-04-09
c6e9d7d2-97de-45bf-a122-a53135b36a9f,C866,P004,Phone,120.0,4,West,cancelled,2025-04-09 10:26:53,2025-04-09
49d94ec7-69fc-46a2-9d65-3d634c331179,C350,P004,Shoes,600.0,5,South,placed,2025-04-09 10:26:55,2025-04-09
bd7277ea-f451-4b6b-98e0-c62444e19b5d,C747,P002,Laptop,120.0,4,South,shipped,2025-04-09 10:26:57,2025-04-09
d9415e45-37ce-4f6e-9e9e-9dee1e74cb79,C787,P002,Headphones,120.0,1,South,cancelled,2025-04-09 10:26:59,2025-04-09
abab7c6f-00d8-436e-8b9c-1a935a6cb4c4,C712,P001,Laptop,1000.0,4,West,cancelled,2025-04-09 10:27:01,2025-04-09
e22f4674-0359-489a-a2f6-bc7813d0b50d,C706,P003,Headphones,1000.0,2,West,placed,2025-04-09 10:27:03,2025-04-09
d2353d4a-981e-4840-8505-f7bad9575f17,C603,P003,Phone,150.0,5,South,placed,2025-04-09 10:27:05,2025-04-09
8188583e-d15a-40f4-96ce-15dcf3a0214f,C974,P002,Phone,120.0,1,East,cancelled,2025-04-09 10:27:07,2025-04-09
2a63ff80-46c2-4eda-85bc-4ccaee1b5be1,C413,P003,Headphones,120.0,2,South,cancelled,2025-04-09 10:27:09,2025-04-09
1cb6cc7a-a7fa-4692-a18f-16369132d0b6,C166,P002,Headphones,600.0,2,South,shipped,2025-04-09 10:27:11,2025-04-09
8b8eda57-0022-4ba6-9149-86adfaf640b2,C599,P004,Phone,600.0,4,South,placed,2025-04-09 10:27:13,2025-04-09
1a4cc97c-06ad-47df-a5d8-581ceeb3c6f9,C886,P001,Headphones,600.0,5,East,cancelled,2025-04-09 10:27:15,2025-04-09
14bb45e3-9399-4871-89cf-1f4e3d8e04d0,C676,P002,Laptop,1000.0,3,South,cancelled,2025-04-09 10:27:17,2025-04-09
3a81ddc5-884e-484d-9d32-992715fe1e97,C805,P002,Laptop,600.0,2,South,shipped,2025-04-09 10:27:19,2025-04-09
7a8331fc-b3ec-46b9-8bba-4a21414b0433,C268,P003,Phone,120.0,3,North,shipped,2025-04-09 10:27:21,2025-04-09
aab040fa-1485-4bb7-aa23-8cfcdb769de6,C824,P004,Laptop,600.0,5,North,cancelled,2025-04-09 10:27:23,2025-04-09
73d7b5d6-69d8-4394-9ff0-6fc2097f4c25,C292,P003,Headphones,600.0,3,West,cancelled,2025-04-09 10:27:25,2025-04-09
4c2e3ed2-d319-46d6-946d-6c4f9493f080,C101,P003,Phone,600.0,3,West,shipped,2025-04-09 10:27:27,2025-04-09
9489b783-5901-4409-965c-6cbe80b32131,C134,P001,Headphones,120.0,2,East,cancelled,2025-04-09 10:27:29,2025-04-09
b245de1c-3ada-4131-ad0d-c75874f7a501,C892,P004,Phone,600.0,3,South,shipped,2025-04-09 10:27:31,2025-04-09
eec80d78-5825-4833-89ee-e21d16215baa,C844,P002,Laptop,1000.0,4,East,cancelled,2025-04-09 10:27:33,2025-04-09
b75f99ca-c9d3-4b56-879a-d880d00bd336,C656,P001,Phone,120.0,1,East,cancelled,2025-04-09 10:27:35,2025-04-09
00d54ad4-d5b9-4bd0-a91e-09bc816b23c6,C727,P002,Laptop,150.0,3,West,shipped,2025-04-09 10:27:37,2025-04-09
8cd79b44-3ba5-4e05-ac89-688ced0f40a6,C489,P004,Phone,600.0,4,West,placed,2025-04-09 10:27:39,2025-04-09
c27afc61-f816-4a81-a967-eedc0fbc8c2d,C867,P004,Shoes,600.0,4,West,shipped,2025-04-09 10:27:41,2025-04-09
39b11760-8fbd-4e96-ac52-bf7940411c94,C567,P003,Headphones,150.0,2,North,placed,2025-04-09 10:27:43,2025-04-09
2335ff70-8fd4-492d-aa05-4c617e67e11a,C909,P004,Shoes,150.0,2,North,placed,2025-04-09 10:27:45,2025-04-09
ce579c9e-0635-42af-879e-3a377b02e4c3,C249,P002,Shoes,1000.0,5,North,placed,2025-04-09 10:27:47,2025-04-09
f690854a-1f37-49c5-831d-b4e7c833d774,C806,P003,Phone,600.0,3,South,placed,2025-04-09 10:27:49,2025-04-09
69907c10-f6a4-4f12-b03c-6f64ce37674d,C644,P004,Phone,600.0,2,East,shipped,2025-04-09 10:27:51,2025-04-09
d8c1af00-8b04-4691-878c-8ca7902074bc,C941,P003,Phone,600.0,1,East,shipped,2025-04-09 10:27:53,2025-04-09
f1c9c868-b693-40fb-88e6-828c6bb820c6,C526,P004,Shoes,150.0,3,East,shipped,2025-04-09 10:27:55,2025-04-09
b6e19cc2-02a7-4cc0-9d58-56274bc7a4bc,C546,P001,Headphones,150.0,2,North,cancelled,2025-04-09 10:27:57,2025-04-09
85925b94-2034-4c0f-8179-38eccdee4d4d,C242,P001,Headphones,600.0,5,South,placed,2025-04-09 10:27:59,2025-04-09
75385a67-ac2b-4636-8c04-49df130e851d,C400,P003,Shoes,1000.0,3,South,cancelled,2025-04-09 10:28:01,2025-04-09
fd36495d-fe8d-4798-ab99-0309bf1cfa2b,C647,P002,Phone,1000.0,5,North,shipped,2025-04-09 10:28:03,2025-04-09
371f6d4b-6c4d-41f2-a41a-b5c553ec6ec1,C960,P003,Laptop,120.0,2,South,shipped,2025-04-09 10:28:05,2025-04-09
017b95a8-68ac-4f6b-93e7-419fc6e5dcfa,C815,P004,Headphones,120.0,4,South,cancelled,2025-04-09 10:28:07,2025-04-09
93d0c3a6-ccf8-4fd0-82ad-e0d771d887d3,C194,P001,Phone,1000.0,3,South,shipped,2025-04-09 10:28:09,2025-04-09
8fc210c4-f1b0-496f-94cb-b79377533133,C215,P001,Headphones,600.0,1,West,placed,2025-04-09 10:28:11,2025-04-09
1d648e70-dff0-47d2-8f7d-4ff1c97b8d35,C937,P002,Phone,120.0,2,North,shipped,2025-04-09 10:28:13,2025-04-09
c5412d0b-6957-42f2-a438-f1a403081191,C427,P001,Headphones,120.0,3,South,cancelled,2025-04-09 10:28:15,2025-04-09
032e8fb0-678a-4f6b-8dd8-66d44341658a,C226,P001,Laptop,150.0,2,North,shipped,2025-04-09 10:28:17,2025-04-09
9be03eef-4393-49f3-aa66-b59f03eab8fd,C517,P002,Phone,120.0,3,East,cancelled,2025-04-09 10:28:19,2025-04-09
fe6525af-0dd6-4500-929c-8f63c0c9e113,C887,P003,Laptop,600.0,2,West,shipped,2025-04-09 10:28:21,2025-04-09
decba7b0-a33f-41f1-8317-f1ce3f6f5046,C180,P002,Phone,1000.0,4,West,shipped,2025-04-09 10:28:23,2025-04-09
4e5913df-37e8-407c-b767-d4ec64a4a593,C797,P003,Phone,1000.0,3,East,placed,2025-04-09 10:28:25,2025-04-09
a4eb309b-c418-4871-92f0-bfe52e470ee6,C437,P004,Laptop,1000.0,1,South,cancelled,2025-04-09 10:28:27,2025-04-09
2c33a0e9-61f8-4511-ad23-b7ab20069c18,C692,P002,Shoes,600.0,1,East,shipped,2025-04-09 10:28:29,2025-04-09
a5550e0e-d780-4ef1-96e9-f6004b963242,C618,P004,Phone,600.0,4,West,shipped,2025-04-09 10:28:39,2025-04-09
3b962425-52cc-4b6a-87e3-45f262fcb5d2,C134,P001,Phone,1000.0,2,West,cancelled,2025-04-09 10:28:41,2025-04-09
b9e5b9db-091e-4fe3-ba9b-9e24fd62bb15,C767,P003,Phone,1000.0,2,East,shipped,2025-04-09 10:28:43,2025-04-09
206f6045-8277-47af-a764-4b8c68298243,C616,P004,Laptop,600.0,1,South,shipped,2025-04-09 10:28:46,2025-04-09
cb8bbb72-2638-4e48-864e-00da1eeebac6,C858,P003,Shoes,120.0,5,West,shipped,2025-04-09 10:28:48,2025-04-09
6af3f7ff-736f-4185-8193-b6974e995df1,C711,P004,Laptop,120.0,5,West,cancelled,2025-04-09 10:28:50,2025-04-09
899bd2ee-bdca-4c57-82ee-8ddae7c246e3,C933,P002,Shoes,120.0,3,South,cancelled,2025-04-09 10:28:52,2025-04-09
fdf73add-5df2-40fa-9f84-66c61fde3b6a,C381,P003,Phone,150.0,2,South,cancelled,2025-04-09 10:28:54,2025-04-09
3a65f7d1-2a80-474d-8890-0fed30416e5c,C823,P002,Phone,600.0,5,South,placed,2025-04-09 10:28:56,2025-04-09
e61ff967-caac-418e-beb2-ea452ea971d0,C571,P003,Phone,150.0,2,North,cancelled,2025-04-09 10:28:58,2025-04-09
965d6ac5-4d0e-4789-bc68-2811d27e8f43,C462,P003,Phone,120.0,4,West,placed,2025-04-09 10:29:00,2025-04-09
7680b6f9-9cd1-4d0b-ad61-fe99631d85ae,C632,P004,Phone,120.0,4,North,placed,2025-04-09 10:29:02,2025-04-09
71714799-2779-4c7a-bcf2-502c2497133c,C885,P001,Headphones,150.0,2,North,placed,2025-04-09 10:29:04,2025-04-09
952ad5c3-e7aa-44c9-8a8f-4d5db640b1cd,C160,P004,Phone,1000.0,3,North,shipped,2025-04-09 10:28:31,2025-04-09
17ec9d16-75d7-4ea3-accd-07c1e02d5c4c,C244,P003,Laptop,1000.0,2,West,cancelled,2025-04-09 10:29:06,2025-04-09
3f68d38f-e750-40a5-a4f2-0c15cdb3b688,C434,P003,Shoes,600.0,4,East,cancelled,2025-04-09 10:28:33,2025-04-09
51472ba0-18e3-47fa-9930-3d2e2a8d7d38,C894,P004,Phone,600.0,5,East,cancelled,2025-04-09 10:29:08,2025-04-09
3660a919-f91d-4ac8-a6f2-f80611fd5af1,C224,P003,Shoes,150.0,1,North,shipped,2025-04-09 10:28:35,2025-04-09
a7551d51-28a6-42ea-917e-d7dbce2640a1,C623,P003,Laptop,120.0,2,North,shipped,2025-04-09 10:28:37,2025-04-09
941d0901-5c85-4e32-88ab-abd2551e928a,C146,P003,Shoes,600.0,3,North,shipped,2025-04-09 10:29:10,2025-04-09
c0683bff-f7c4-4ed1-8988-767db9ffde91,C368,P001,Headphones,1000.0,2,South,placed,2025-04-09 10:29:12,2025-04-09
9027caa4-e57b-4a03-a08a-653ed9877518,C611,P004,Headphones,150.0,4,West,placed,2025-04-09 10:29:14,2025-04-09
bf2c3c15-8b46-43cc-9e34-3c8cdfe5056a,C135,P001,Phone,150.0,2,East,placed,2025-04-09 10:29:16,2025-04-09
f7c1a8c0-9a0c-40a6-bbc1-d98910335149,C164,P002,Shoes,1000.0,2,South,placed,2025-04-09 10:29:18,2025-04-09
c66d961f-da7a-492b-9346-00f5acb976b4,C983,P003,Shoes,1000.0,3,South,placed,2025-04-09 10:29:20,2025-04-09
17616095-5314-47ee-9608-45aa95cc5b9d,C431,P003,Phone,600.0,2,South,shipped,2025-04-09 10:29:22,2025-04-09
6688f9eb-4bf4-4e7a-adcb-30cdac65ab54,C741,P003,Laptop,120.0,1,West,placed,2025-04-09 10:29:24,2025-04-09
dbdf8476-4790-4b29-b3f6-7acef0bd44a7,C806,P001,Laptop,1000.0,3,North,cancelled,2025-04-09 10:29:26,2025-04-09
4f945375-192d-4ca8-976b-3ef77c06c767,C274,P004,Phone,1000.0,4,South,cancelled,2025-04-09 10:29:28,2025-04-09
cf1920fd-a5ad-480a-81e5-ada921f0e960,C411,P001,Phone,600.0,4,West,placed,2025-04-09 10:29:30,2025-04-09
8aa5a8a2-2edc-471a-8458-ff6d9f9e9e62,C307,P004,Laptop,150.0,1,East,cancelled,2025-04-09 10:29:32,2025-04-09
8dcc8625-1a84-401c-b096-e7a10b4b3e5c,C207,P002,Phone,120.0,5,East,placed,2025-04-09 10:29:34,2025-04-09
35679867-c872-4516-81be-10c8db3c0aae,C421,P004,Laptop,150.0,1,East,shipped,2025-04-09 10:29:36,2025-04-09
6dffe82f-2d36-4939-bf88-b14fbf5932d5,C794,P001,Headphones,150.0,1,West,placed,2025-04-09 10:29:38,2025-04-09
a87fdc34-21ec-49ea-8f4f-076bc1400bdc,C883,P001,Laptop,150.0,1,East,shipped,2025-04-09 10:29:40,2025-04-09
891118d1-fb3f-4a7f-9e3e-10caa8291982,C797,P004,Headphones,120.0,1,East,placed,2025-04-09 10:29:42,2025-04-09
a06c6822-3319-456d-ac82-5d4a2d9fbb70,C984,P002,Shoes,600.0,3,East,cancelled,2025-04-09 10:29:44,2025-04-09
b2491d7a-3514-46eb-b456-12d7d6e7ffae,C183,P003,Laptop,150.0,2,South,shipped,2025-04-09 10:29:46,2025-04-09
9a5a1f2f-be17-4984-a682-102cf318ce72,C193,P004,Phone,120.0,5,South,placed,2025-04-09 10:29:48,2025-04-09
08ec8aab-fdd7-42b0-a5d7-d0384fcd357c,C143,P001,Phone,150.0,1,North,placed,2025-04-09 10:29:50,2025-04-09
b5806fda-45e9-435a-9497-44fd22beb03f,C964,P001,Headphones,1000.0,4,East,cancelled,2025-04-09 10:29:52,2025-04-09
e1dac4ae-a24c-4c63-9afd-30d417044802,C834,P004,Phone,600.0,4,East,shipped,2025-04-09 10:29:54,2025-04-09
340be975-b205-4cd6-87b7-0a4441d81037,C772,P004,Laptop,150.0,3,West,cancelled,2025-04-09 10:29:56,2025-04-09
cd9b0cdd-8bb9-4bf4-ba69-e89cfa63052c,C278,P001,Headphones,150.0,3,North,cancelled,2025-04-09 10:29:58,2025-04-09
8cb1aebd-7043-4a48-85bb-b240d8771639,C123,P001,Laptop,600.0,2,South,placed,2025-04-09 10:30:00,2025-04-09
dbade1a7-8a80-4ac3-8fc0-1171302c2466,C945,P004,Headphones,120.0,2,East,placed,2025-04-09 10:30:02,2025-04-09
15274a95-6246-4e9b-8bc8-54f6f2ec3c25,C948,P002,Shoes,150.0,3,North,cancelled,2025-04-09 10:30:04,2025-04-09
598c5154-0805-440a-bea7-d39b29aaae54,C356,P001,Phone,120.0,2,North,cancelled,2025-04-09 10:30:06,2025-04-09
9d4100cb-b3c1-4d5b-b9e2-6bf175579f1b,C234,P002,Shoes,150.0,2,East,placed,2025-04-09 10:30:08,2025-04-09
0ea0d2c5-713e-4270-8b92-41ded77ed1cd,C477,P003,Shoes,150.0,2,West,cancelled,2025-04-09 10:30:11,2025-04-09
0515fa35-b110-4be7-9409-158a6e339e30,C737,P004,Headphones,150.0,2,South,shipped,2025-04-09 10:30:13,2025-04-09
18f6866b-b4d2-4d97-a831-d183d97da394,C917,P001,Shoes,150.0,2,West,cancelled,2025-04-09 10:30:15,2025-04-09
e0acafb8-cb3b-4f67-afdc-c65f9a26ef7c,C573,P002,Phone,120.0,2,East,cancelled,2025-04-09 10:30:17,2025-04-09
7975f9d5-ef5c-4c84-b9d8-569f5d18fcba,C290,P001,Laptop,120.0,4,West,cancelled,2025-04-09 10:30:19,2025-04-09
76076116-38f5-4c93-9986-075922ef2526,C578,P004,Phone,120.0,5,South,shipped,2025-04-09 10:30:21,2025-04-09
b01332f5-2f4a-4def-ad55-402f7029aa55,C482,P004,Headphones,120.0,5,West,shipped,2025-04-09 10:30:23,2025-04-09
3ba87ccc-080b-4d46-83c6-214d58096218,C967,P002,Laptop,1000.0,4,South,cancelled,2025-04-09 10:30:25,2025-04-09
08fd378e-b590-4e78-895a-c62b435c6481,C880,P003,Shoes,600.0,5,West,shipped,2025-04-09 10:30:27,2025-04-09
9a1dfd8d-b43f-4d73-a9fb-fed60e80041d,C712,P002,Phone,120.0,5,West,shipped,2025-04-09 10:30:29,2025-04-09
677e2861-3415-4d93-b5e8-ad1ed03dea47,C199,P002,Headphones,600.0,2,South,placed,2025-04-09 10:30:31,2025-04-09
4f578388-c0be-4f4c-a399-ce5b08eb2cf8,C721,P002,Shoes,120.0,4,South,placed,2025-04-09 10:30:33,2025-04-09
09a6b315-9d84-44b7-982e-74ccabdb8d49,C859,P002,Laptop,600.0,5,South,cancelled,2025-04-09 10:30:35,2025-04-09
c8af4bc6-6bed-4bd2-b7a2-202205f239ee,C997,P002,Headphones,600.0,1,West,shipped,2025-04-09 10:30:37,2025-04-09
6028d483-fe0f-4bec-9e78-b5e0ca829442,C580,P003,Phone,1000.0,3,North,placed,2025-04-09 10:30:39,2025-04-09
62954588-24b0-4362-9739-0e7249c3b468,C358,P002,Phone,1000.0,4,East,shipped,2025-04-09 10:30:41,2025-04-09
eefb6f90-0092-4dba-b86a-e13fc187cbe2,C206,P004,Phone,150.0,1,East,cancelled,2025-04-09 10:30:43,2025-04-09
ee754e31-ad7a-4b15-a96f-9e1727b9c964,C188,P002,Phone,1000.0,3,North,placed,2025-04-09 10:30:45,2025-04-09
3d979a1b-4be6-4b93-8946-266bb334b297,C796,P004,Headphones,1000.0,2,North,cancelled,2025-04-09 10:30:47,2025-04-09
71e768c6-ccbf-4e34-bc7c-2e947c78e8b6,C826,P004,Laptop,600.0,5,South,placed,2025-04-09 10:30:49,2025-04-09
75b6f2ab-91de-4a1f-aeb3-760d99747483,C150,P002,Headphones,150.0,1,South,shipped,2025-04-09 10:30:51,2025-04-09
172724ec-4124-4fb1-9dcf-045eaf5f9365,C903,P002,Shoes,120.0,3,South,cancelled,2025-04-09 10:30:53,2025-04-09
5fc553c0-dc53-41ac-a875-24ffe8af78eb,C134,P003,Laptop,120.0,1,South,placed,2025-04-09 10:30:55,2025-04-09
008b259c-2f6f-4d40-9b46-b24bfa254b8f,C874,P004,Laptop,120.0,5,East,shipped,2025-04-09 10:30:57,2025-04-09
142a5c0c-44ec-4a6c-9584-6456a5a37f88,C667,P001,Headphones,120.0,3,South,placed,2025-04-09 10:30:59,2025-04-09
2dfd0b62-102b-45a6-b75f-b233ca997be6,C408,P001,Laptop,150.0,1,West,shipped,2025-04-09 10:31:01,2025-04-09
acdde57f-0c96-4509-b337-7adf4d23c03d,C223,P002,Headphones,600.0,5,East,shipped,2025-04-09 10:31:03,2025-04-09
b6389c8a-babd-43fc-8a59-00804ab6b010,C924,P004,Phone,600.0,3,East,cancelled,2025-04-09 10:31:05,2025-04-09
7e3b5f50-f4f6-4875-8c63-922a681a4ae9,C738,P003,Phone,1000.0,5,North,cancelled,2025-04-09 10:31:07,2025-04-09
47d4c8fa-1b55-43c8-8ce3-1c09c76c2f53,C882,P004,Shoes,150.0,4,North,placed,2025-04-09 10:31:09,2025-04-09
3c3ae1ba-a04a-4ca1-b566-0976eb9c4771,C189,P004,Phone,150.0,2,East,shipped,2025-04-09 10:31:11,2025-04-09
509a18d9-e05f-48c7-b634-9626ef4ab7b4,C330,P001,Phone,120.0,5,West,placed,2025-04-09 10:31:13,2025-04-09
726e8598-ffaa-4446-a8e5-14c9f68ca6f0,C388,P002,Laptop,120.0,4,East,cancelled,2025-04-09 10:31:15,2025-04-09
227def0f-eade-4532-8987-4d183836246e,C628,P003,Shoes,1000.0,5,East,shipped,2025-04-09 10:31:17,2025-04-09
7b221fc1-cce2-4142-9ea5-7a5a2198cc04,C943,P002,Headphones,150.0,2,South,cancelled,2025-04-09 10:31:19,2025-04-09
519eff37-aec2-4dc7-95f8-c987393dab69,C325,P002,Headphones,1000.0,3,South,placed,2025-04-09 10:31:21,2025-04-09
03a9aa05-33b6-4e80-8d95-10edf1d7c802,C990,P001,Shoes,150.0,5,South,cancelled,2025-04-09 10:31:23,2025-04-09
d913ca78-204c-4624-a87d-7274effa4743,C512,P001,Laptop,600.0,3,South,placed,2025-04-09 10:31:25,2025-04-09
7ca5fa3a-c833-492c-a75b-9e21e92a490b,C423,P002,Shoes,1000.0,3,East,placed,2025-04-09 10:31:27,2025-04-09
35f791ed-6114-4315-bc4c-6283e94e8fbf,C581,P003,Laptop,1000.0,5,West,placed,2025-04-09 10:31:30,2025-04-09
802124c1-9ea2-41d5-9b65-6fd8c4caaa95,C614,P001,Phone,120.0,1,East,placed,2025-04-09 10:31:32,2025-04-09
c2889afa-ade8-4519-ab90-991a5d0f1afc,C418,P004,Phone,1000.0,3,West,placed,2025-04-09 10:31:34,2025-04-09
090abddd-8571-476a-a533-d371532ae5e8,C305,P003,Laptop,150.0,1,West,cancelled,2025-04-09 10:31:36,2025-04-09
243ebae5-8cc0-40ec-a976-0208af97ed4f,C210,P002,Headphones,150.0,3,East,shipped,2025-04-09 10:31:38,2025-04-09
4057f7d0-a917-4399-a7d3-173407102195,C853,P002,Headphones,120.0,4,East,shipped,2025-04-09 10:31:40,2025-04-09
cda7764f-7076-49d9-9946-6ab4984a60bf,C828,P003,Shoes,1000.0,3,East,placed,2025-04-09 10:31:42,2025-04-09
d6309a91-290f-4781-829c-f1e7c157f828,C744,P004,Headphones,1000.0,3,West,shipped,2025-04-09 10:31:44,2025-04-09
708f8f93-daf9-42cd-933e-0f7648dbe0b3,C946,P004,Headphones,120.0,3,East,shipped,2025-04-09 10:31:46,2025-04-09
62cd0ff7-d6da-42a3-b0f4-deb4494e2c3d,C281,P002,Headphones,120.0,1,West,cancelled,2025-04-09 10:31:48,2025-04-09
88fcf88e-b0aa-4fa4-983b-67efb8c4ce53,C407,P004,Headphones,150.0,2,North,shipped,2025-04-09 10:31:50,2025-04-09
5602cd71-9ce0-45a0-9ab8-efadd790e4d9,C797,P002,Headphones,150.0,4,South,cancelled,2025-04-09 10:31:52,2025-04-09
599aa462-0f5a-403f-941e-b45e41c5eff1,C767,P003,Phone,120.0,4,West,cancelled,2025-04-09 10:31:54,2025-04-09
4bef261f-7478-46ec-a140-7984f3dbf1ba,C240,P003,Headphones,150.0,2,East,shipped,2025-04-09 10:31:56,2025-04-09
e93375f4-93cd-4eb7-bc06-8e346a2bb8f7,C760,P001,Shoes,150.0,4,North,placed,2025-04-09 10:31:58,2025-04-09
1d987e99-6501-46e6-91c8-1393ec9cfc5d,C627,P001,Shoes,600.0,5,North,cancelled,2025-04-09 10:32:00,2025-04-09
c87394ef-e33f-41c7-be75-c3d4e5beeb6e,C511,P001,Headphones,120.0,1,South,cancelled,2025-04-09 10:32:02,2025-04-09
11582c2d-4173-4141-ab38-87f0351fed6e,C720,P001,Laptop,120.0,3,West,shipped,2025-04-09 10:32:04,2025-04-09
cd954de3-2549-42ed-84b1-96585f3eb823,C621,P002,Headphones,1000.0,3,South,placed,2025-04-09 10:32:06,2025-04-09
1b265d71-b535-4f0d-a2b3-d65890bede14,C464,P004,Phone,150.0,2,West,cancelled,2025-04-09 10:32:08,2025-04-09
38654938-68e8-4e04-b68f-2052c940e7bf,C690,P001,Headphones,150.0,1,North,shipped,2025-04-09 10:32:10,2025-04-09
e00ffa67-6d9a-45b4-9fa4-a1c039ee651f,C310,P002,Laptop,600.0,1,West,placed,2025-04-09 10:32:12,2025-04-09
b97df217-bcbb-48db-be16-f01473a64b58,C105,P003,Shoes,120.0,3,East,placed,2025-04-09 10:32:14,2025-04-09
2eed6020-a7c6-4ffb-a461-45abf16e473b,C134,P002,Laptop,600.0,5,East,cancelled,2025-04-09 10:32:16,2025-04-09
28ac325e-9818-4d47-abd4-5b912f0f40a5,C292,P004,Laptop,1000.0,1,South,cancelled,2025-04-09 10:32:18,2025-04-09
b2eadb4e-3249-4821-ab03-39a42ff52df4,C347,P003,Laptop,600.0,1,East,shipped,2025-04-09 10:32:20,2025-04-09
313c72b9-88b1-45ea-8b48-a8448754a16a,C154,P001,Phone,150.0,5,South,shipped,2025-04-09 10:32:22,2025-04-09
50a3bb62-f386-4ee7-b079-35b4c712bb3d,C750,P003,Headphones,150.0,4,East,cancelled,2025-04-09 10:32:24,2025-04-09
35fec0c3-48f0-4a73-8561-1a561ca72420,C412,P002,Phone,600.0,1,South,cancelled,2025-04-09 10:32:32,2025-04-09
e7cdea4c-3a5d-4e97-a879-2654063828df,C703,P002,Phone,1000.0,4,North,placed,2025-04-09 10:32:34,2025-04-09
b692f17f-3947-4ce7-bbb8-b500da6a4d06,C138,P004,Laptop,120.0,5,East,placed,2025-04-09 10:32:36,2025-04-09
44fd6838-0212-442f-90dd-d4111fa65deb,C618,P001,Shoes,600.0,2,South,placed,2025-04-09 10:32:38,2025-04-09
7d1cb92b-185d-471f-9777-42b689583db8,C765,P004,Shoes,1000.0,1,East,placed,2025-04-09 10:32:40,2025-04-09
95e83d5b-28a2-47e6-9f5c-bd2986c83fa2,C614,P002,Headphones,120.0,2,East,cancelled,2025-04-09 10:32:42,2025-04-09
226430b7-ade2-4c32-b7d5-aeaa741454e8,C313,P002,Laptop,120.0,2,West,cancelled,2025-04-09 10:32:44,2025-04-09
3d763cb5-ce9b-4b14-a128-38ffd45dc170,C563,P004,Shoes,600.0,3,North,cancelled,2025-04-09 10:32:46,2025-04-09
a5a4e80e-4315-4a04-8d8b-e7198414f9f5,C426,P004,Shoes,1000.0,5,North,placed,2025-04-09 10:32:48,2025-04-09
d0ba5a5a-ecc4-4570-94be-9574b3eb6376,C964,P003,Shoes,1000.0,4,West,shipped,2025-04-09 10:32:50,2025-04-09
8c8e78f5-2516-45a0-bf75-e68a565ef3c2,C447,P002,Phone,120.0,4,South,placed,2025-04-09 10:32:52,2025-04-09
0d32a8b6-5db8-46b6-a422-603b3b18c3c9,C172,P004,Laptop,1000.0,3,East,shipped,2025-04-09 10:32:54,2025-04-09
067774d3-2905-499a-b761-77808ece8068,C295,P004,Headphones,120.0,2,West,cancelled,2025-04-09 10:32:56,2025-04-09
46fac24d-dfd6-49ff-a1cc-a76f0fbbe063,C420,P003,Phone,120.0,1,West,shipped,2025-04-09 10:32:58,2025-04-09
6eb69cdb-33b8-4c81-b5f3-bb06b249f6e0,C675,P003,Phone,120.0,1,South,shipped,2025-04-09 10:33:00,2025-04-09
df4c2c83-3a0f-4c64-98e4-32e997eeb6c0,C773,P001,Phone,120.0,2,South,placed,2025-04-09 10:33:02,2025-04-09
998975a1-e6e8-4b3c-bcb6-43d3d16a06b3,C813,P001,Headphones,120.0,3,West,placed,2025-04-09 10:33:04,2025-04-09
da064673-d512-4db0-ad27-a1f25bc8f3d3,C745,P002,Headphones,120.0,2,West,shipped,2025-04-09 10:33:06,2025-04-09
4869bbb5-6c87-49f7-b8ed-58b546f3dcd5,C137,P001,Phone,120.0,4,North,cancelled,2025-04-09 10:33:08,2025-04-09
a5828378-2d9f-4ecc-9c1f-375467beb3af,C959,P002,Laptop,600.0,4,East,cancelled,2025-04-09 10:32:26,2025-04-09
90be3b0b-3fe3-40d3-9593-c1e5ef3c7c8b,C249,P003,Laptop,120.0,1,South,cancelled,2025-04-09 10:32:28,2025-04-09
5703bd10-e97d-4246-a78d-0f87fcee2f95,C680,P001,Headphones,1000.0,4,West,placed,2025-04-09 10:32:30,2025-04-09
be8fb0bd-b85a-4d03-bf78-ce4f51490884,C556,P001,Laptop,150.0,3,West,cancelled,2025-04-09 10:33:10,2025-04-09
b8fbb212-c906-48d1-9065-ceb533647b71,C760,P001,Shoes,120.0,3,North,cancelled,2025-04-09 10:33:12,2025-04-09
d962c21b-f45e-4e8d-9107-d5cc07aeba71,C899,P003,Shoes,600.0,4,East,shipped,2025-04-09 10:33:14,2025-04-09
81486b16-cdbe-42fe-8805-7a744a1ff664,C677,P002,Shoes,120.0,5,West,shipped,2025-04-09 10:33:16,2025-04-09
76002275-d553-4269-96d6-8d3e7406c999,C874,P002,Laptop,150.0,4,East,cancelled,2025-04-09 10:33:18,2025-04-09
a3dd1c53-9572-4875-afc1-e064101debe5,C487,P003,Phone,1000.0,2,East,placed,2025-04-09 10:33:20,2025-04-09
c6162e0d-14ef-4dc5-b0e5-74db77433165,C154,P003,Laptop,150.0,5,South,shipped,2025-04-09 10:33:22,2025-04-09
75d14af0-0c58-4a77-b3fa-4592af2cdee7,C624,P001,Laptop,150.0,3,South,cancelled,2025-04-09 10:33:24,2025-04-09
61a58aa9-8823-48b9-8c07-18832b2e046a,C670,P001,Laptop,150.0,5,East,cancelled,2025-04-09 10:33:26,2025-04-09
d05b7768-4649-4d29-9923-1dd01530688d,C922,P001,Phone,600.0,5,South,shipped,2025-04-09 10:33:28,2025-04-09
5a9a5548-15bb-45bf-b99d-dbe1fbbcd5db,C935,P001,Headphones,120.0,1,North,placed,2025-04-09 10:33:30,2025-04-09
8579ba41-bd58-4881-bab9-61646d54c642,C683,P002,Headphones,150.0,1,East,placed,2025-04-09 10:33:32,2025-04-09
3fadf5f2-787f-48a4-aafa-6e3ecd894da5,C170,P001,Laptop,150.0,5,East,shipped,2025-04-09 10:33:34,2025-04-09
4a8d0349-00aa-4b6a-b010-61cec07523b1,C927,P002,Phone,1000.0,3,East,placed,2025-04-09 10:33:36,2025-04-09
eeb207b6-6f00-4d2c-afd3-43d956c9a90e,C459,P003,Laptop,150.0,2,East,placed,2025-04-09 10:33:38,2025-04-09
e25a1595-b455-4447-a89b-ac9063387010,C966,P004,Shoes,600.0,5,South,shipped,2025-04-09 10:33:40,2025-04-09
141fcc1e-5392-4b1b-bd37-c5d213bf27c1,C329,P001,Shoes,120.0,5,West,placed,2025-04-09 10:33:42,2025-04-09
d9d973f6-ff52-4d52-a3b6-a2dd8daef5be,C573,P002,Shoes,120.0,3,West,cancelled,2025-04-09 10:33:44,2025-04-09
e4f5c63c-fc53-4404-adae-a4a9a2b801a1,C783,P003,Laptop,1000.0,4,South,cancelled,2025-04-09 10:33:46,2025-04-09
e3016a7e-b8ca-497d-995e-749c74df2565,C652,P003,Phone,600.0,2,North,placed,2025-04-09 10:33:48,2025-04-09
7d64aa1e-03c3-42ae-8f2b-92ed3ca04f17,C358,P001,Phone,120.0,4,North,placed,2025-04-09 10:33:50,2025-04-09
92623076-f800-4710-b328-8d8c706d7941,C246,P001,Laptop,1000.0,2,East,shipped,2025-04-09 10:33:52,2025-04-09
94c85382-3a10-4930-bb40-39f6455e83f4,C980,P002,Laptop,120.0,3,East,placed,2025-04-09 10:33:54,2025-04-09
52a22452-975e-46cb-8742-f53d1100ddaa,C686,P003,Phone,150.0,1,East,cancelled,2025-04-09 10:33:56,2025-04-09
fb5c1bc5-a41b-4473-8c5d-62ab7659a0ba,C290,P003,Phone,600.0,1,North,shipped,2025-04-09 10:33:58,2025-04-09
e1022fae-1273-40f7-a15f-309847614ed3,C338,P001,Phone,150.0,2,East,shipped,2025-04-09 10:34:00,2025-04-09
45ea53d8-ae59-4f50-a1eb-47dba85fe716,C761,P001,Phone,600.0,3,South,cancelled,2025-04-09 10:34:02,2025-04-09
53fa00eb-2b26-4f66-abe4-276f62581ebb,C179,P002,Shoes,600.0,4,South,placed,2025-04-09 10:34:04,2025-04-09
b34d39f9-9b6c-4117-b39b-bd9eb85b23f3,C718,P001,Laptop,120.0,1,West,placed,2025-04-09 10:34:06,2025-04-09
ba26e76e-4142-40d2-afdb-3fbf847223ac,C418,P002,Headphones,150.0,3,North,shipped,2025-04-09 10:34:08,2025-04-09
8b427228-00a6-49dc-bb1a-08d6567a31bf,C619,P004,Shoes,150.0,4,South,shipped,2025-04-09 10:34:10,2025-04-09
3a048cff-1dd3-4e97-a24c-7d02d71565b1,C274,P002,Headphones,120.0,1,North,shipped,2025-04-09 10:34:12,2025-04-09
f12a02ef-44ed-4f39-97e0-9dfbd685544f,C497,P001,Laptop,1000.0,1,South,placed,2025-04-09 10:34:14,2025-04-09
7a11f1ad-df65-4039-8e7c-89aad80311fd,C201,P001,Phone,600.0,1,East,cancelled,2025-04-09 10:34:16,2025-04-09
7e5286d7-d31b-4b5a-bb41-218585dd3348,C194,P003,Headphones,600.0,2,South,cancelled,2025-04-09 10:34:18,2025-04-09
309a895e-81d0-48fd-9dd3-7e5d1a7f0727,C695,P003,Shoes,120.0,5,South,cancelled,2025-04-09 10:34:20,2025-04-09
dbef1e31-d5d5-4c38-9f55-df6429c4a48f,C189,P004,Shoes,120.0,4,South,shipped,2025-04-09 10:34:22,2025-04-09
f213ee70-b4ec-4f16-b9bd-b4fae2e83628,C822,P002,Shoes,600.0,1,West,shipped,2025-04-09 10:34:24,2025-04-09
e140a717-a211-4a47-85fd-6f56465fa69d,C768,P001,Phone,600.0,3,West,cancelled,2025-04-09 10:34:26,2025-04-09
dae3f2ed-b23a-411d-a77d-f0ba9d0651a0,C907,P001,Phone,1000.0,2,South,placed,2025-04-09 10:34:28,2025-04-09
95ab497d-3b72-4e25-b00e-1a8729afc5a4,C702,P002,Headphones,600.0,3,North,placed,2025-04-09 10:34:30,2025-04-09
2f568afc-1d95-4d0e-b4ba-518667af4db0,C621,P002,Phone,600.0,1,North,cancelled,2025-04-09 10:34:32,2025-04-09
e8cd75c6-0adf-4784-ae8b-b00a201e8a7c,C969,P004,Phone,120.0,1,East,placed,2025-04-09 10:34:34,2025-04-09
642beb3a-4b81-4a53-9aaf-49e265542033,C460,P004,Phone,120.0,1,North,placed,2025-04-09 10:34:36,2025-04-09
2bcc8589-a157-4765-9147-286010091181,C959,P002,Headphones,120.0,1,South,shipped,2025-04-09 10:34:38,2025-04-09
eafdca19-ce51-4347-a127-eb57db6fb692,C717,P004,Shoes,150.0,5,East,shipped,2025-04-09 10:34:40,2025-04-09
19fafad0-c54b-4b6d-b8e1-ae29a1e8b1bd,C744,P002,Headphones,600.0,5,South,shipped,2025-04-09 10:34:42,2025-04-09
34d2ba12-dceb-40cd-8880-5357f0e53640,C515,P002,Phone,120.0,3,West,shipped,2025-04-09 10:34:44,2025-04-09
a1c97c45-68d3-4965-b290-b17b83b96ac2,C429,P003,Phone,150.0,5,South,placed,2025-04-09 10:34:46,2025-04-09
e22278b5-be96-4b4a-b767-fb9cfb8dd0a4,C595,P001,Shoes,150.0,5,West,cancelled,2025-04-09 10:34:48,2025-04-09
6deb1317-e894-4959-a2c5-f19909a881b9,C540,P002,Shoes,150.0,3,West,cancelled,2025-04-09 10:34:50,2025-04-09
70e3764c-4eb0-4eb5-a0f0-93af9b2acadd,C207,P001,Phone,120.0,1,North,cancelled,2025-04-09 10:34:52,2025-04-09
55ac7524-b6e7-42a7-8224-a49d928a43ef,C319,P003,Phone,1000.0,1,East,shipped,2025-04-09 10:34:54,2025-04-09
cf9e7938-d8c9-4a48-b296-f7da0646bc84,C448,P004,Phone,600.0,3,West,placed,2025-04-09 10:34:56,2025-04-09
d216168b-c485-4fed-966c-70afb8fc1c00,C595,P002,Headphones,1000.0,2,East,shipped,2025-04-09 10:34:58,2025-04-09
50c657bb-1169-4706-b390-d14c5388f05e,C232,P002,Shoes,1000.0,2,South,shipped,2025-04-09 10:35:00,2025-04-09
ed3017d1-3573-4887-8b44-f97c51b2af42,C366,P003,Shoes,600.0,5,East,cancelled,2025-04-09 10:35:02,2025-04-09
fd4b935e-b474-4b70-83b4-d0c75afe6254,C441,P004,Shoes,150.0,3,North,cancelled,2025-04-09 10:35:04,2025-04-09
b8e29b06-ae5a-4666-9312-0ca646e5ab82,C985,P001,Headphones,1000.0,2,South,cancelled,2025-04-09 10:35:06,2025-04-09
4113d5d9-6ebc-4ff4-a4af-bed518c67152,C216,P004,Phone,150.0,2,West,shipped,2025-04-09 10:35:08,2025-04-09
f218d12b-aa73-4490-8d3e-13c374abfd4e,C690,P002,Laptop,1000.0,1,North,shipped,2025-04-09 10:35:10,2025-04-09
711b3bab-7854-4a2a-a94e-d54073b656fb,C601,P003,Phone,120.0,3,South,cancelled,2025-04-09 10:35:12,2025-04-09
47404e75-b914-4cd8-9707-5b8ae364a180,C958,P001,Headphones,600.0,1,East,placed,2025-04-09 10:35:14,2025-04-09
53e904aa-04e7-414c-8af5-5c7404191ad2,C225,P001,Laptop,600.0,1,West,placed,2025-04-09 10:35:16,2025-04-09
dc74673f-a9e4-4ae6-95be-b43c5f389e10,C127,P002,Shoes,120.0,4,East,cancelled,2025-04-09 10:35:18,2025-04-09
c47795ef-ccc3-4271-9b55-5de8e92c791b,C722,P001,Laptop,1000.0,3,East,shipped,2025-04-09 10:35:20,2025-04-09
1a0da4e3-c17e-405f-980b-0cbe552d7111,C971,P001,Shoes,600.0,3,West,placed,2025-04-09 10:35:22,2025-04-09
7fba8b78-9eb0-41de-8c33-51907b88f71f,C608,P002,Headphones,120.0,5,West,cancelled,2025-04-09 10:35:24,2025-04-09
d892f077-9470-4134-ac7e-4837946f1537,C505,P004,Laptop,150.0,1,East,cancelled,2025-04-09 10:35:26,2025-04-09
81f32bbc-246a-4db9-8b9d-3bd3c4affc7c,C440,P004,Shoes,1000.0,1,North,placed,2025-04-09 10:35:28,2025-04-09
2f2dd085-963c-4d2d-95cc-f33aa138316c,C297,P002,Shoes,1000.0,2,North,shipped,2025-04-09 10:35:30,2025-04-09
e46066f7-4ef8-4c4f-bd6a-deb0d134dab0,C836,P001,Shoes,150.0,2,West,shipped,2025-04-09 10:35:32,2025-04-09
41cee016-6289-434a-9da6-219b345e968a,C123,P004,Phone,1000.0,3,South,cancelled,2025-04-09 10:35:34,2025-04-09
4f402e34-8f73-4c16-92d5-95b2e6bb906d,C809,P002,Shoes,1000.0,5,East,shipped,2025-04-09 10:35:36,2025-04-09
175b9c81-6505-4891-aa6c-290b18dad376,C144,P004,Shoes,150.0,4,South,shipped,2025-04-09 10:35:38,2025-04-09
ce17db9a-718b-4327-a8cc-5b57f86141c9,C887,P002,Shoes,120.0,4,South,cancelled,2025-04-09 10:35:40,2025-04-09
6ac57dab-2e64-4e84-9548-20c65728e823,C602,P003,Phone,120.0,5,North,placed,2025-04-09 10:35:42,2025-04-09
8baa018a-4781-4da2-a69a-4ba89b2c9a2a,C533,P004,Headphones,120.0,2,East,shipped,2025-04-09 10:35:44,2025-04-09
bbe56ede-9e3e-420b-925a-08446b3c303d,C482,P004,Shoes,600.0,3,East,placed,2025-04-09 10:35:46,2025-04-09
1d0b71e3-5739-4abe-b156-64006af9d26a,C665,P003,Laptop,1000.0,2,North,placed,2025-04-09 10:35:48,2025-04-09
778ed35e-246b-4340-a5a4-7e08dc3a1a46,C837,P002,Laptop,600.0,4,East,cancelled,2025-04-09 10:35:50,2025-04-09
f494d8b1-0bfa-482a-b316-d865c4077074,C175,P001,Headphones,600.0,1,East,shipped,2025-04-09 10:35:52,2025-04-09
964d5d37-1e49-40fd-8dbd-becd2a575710,C536,P002,Phone,600.0,2,West,cancelled,2025-04-09 10:35:54,2025-04-09
9d2dc9c5-972f-460c-bc84-d9f87d1fd5ac,C229,P003,Headphones,1000.0,3,South,placed,2025-04-09 10:35:56,2025-04-09
68655906-8ae1-40c5-8ddd-41d3ac27454b,C767,P004,Headphones,150.0,4,West,placed,2025-04-09 10:35:58,2025-04-09
496b9cd9-e07b-4f73-b7ef-95578a380f70,C644,P001,Shoes,150.0,1,North,placed,2025-04-09 10:36:00,2025-04-09
817716c6-a0b8-47b1-a844-2735bf33c8a4,C988,P001,Laptop,1000.0,4,West,cancelled,2025-04-09 10:36:02,2025-04-09
3b2f7a14-8b13-4e01-baab-2266239010cb,C764,P003,Phone,600.0,1,South,placed,2025-04-09 10:36:04,2025-04-09
925f069a-28af-4e8b-9ca1-cfae14a98373,C212,P004,Headphones,150.0,4,South,cancelled,2025-04-09 10:36:06,2025-04-09
80b4b600-8439-41e7-b95c-2d9dc3192dcd,C734,P001,Laptop,1000.0,1,North,placed,2025-04-09 10:36:08,2025-04-09
7bc41843-038c-40e6-9ffa-65891f3bb653,C168,P002,Phone,150.0,4,West,placed,2025-04-09 10:36:10,2025-04-09
795d66ee-9389-4ac6-9e94-d0f9ab567104,C171,P003,Laptop,120.0,5,East,cancelled,2025-04-09 10:36:12,2025-04-09
6c4da649-8688-40e1-83c3-663b2d27e805,C722,P003,Shoes,150.0,4,West,cancelled,2025-04-09 10:36:14,2025-04-09
fb7ba536-b08a-46cb-bb19-c93fca116a4e,C526,P001,Laptop,120.0,3,North,placed,2025-04-09 10:36:16,2025-04-09
131c120a-1f41-4d39-8a08-f7911eff4e42,C486,P004,Phone,150.0,3,South,placed,2025-04-09 10:36:18,2025-04-09
e9e5353d-59c9-4bf5-ae47-866f3e439c70,C840,P001,Phone,600.0,5,North,shipped,2025-04-09 10:36:20,2025-04-09
1c5c4841-fd56-4a1f-8d21-65201f6e8d3a,C263,P001,Shoes,1000.0,3,North,placed,2025-04-09 10:36:22,2025-04-09
173567f4-b9f0-49b8-8bcf-a53935a21005,C686,P002,Shoes,120.0,1,North,placed,2025-04-09 10:36:24,2025-04-09
c2e9fa07-f9a4-4d04-b303-a55454014741,C921,P001,Laptop,1000.0,1,South,placed,2025-04-09 10:36:26,2025-04-09
5f2ed0f9-7e9d-41d3-9e45-9284d6649bf2,C288,P001,Shoes,1000.0,5,West,shipped,2025-04-09 10:36:28,2025-04-09
265f5eeb-2b22-4c5a-8be5-f53c7b700698,C966,P003,Phone,1000.0,2,North,placed,2025-04-09 10:36:30,2025-04-09
afbbd9ef-45f4-4de2-ab76-e7ce4f0b64c0,C261,P001,Headphones,1000.0,2,South,cancelled,2025-04-09 10:36:32,2025-04-09
44d44121-d97e-4f7f-9d3e-bcadab76ddf6,C918,P003,Headphones,600.0,1,East,placed,2025-04-09 10:36:34,2025-04-09
81d54fb3-adc2-46ab-b05f-5fbbddc663ff,C184,P004,Shoes,150.0,5,West,placed,2025-04-09 10:36:36,2025-04-09
b7b126f0-47a5-4406-850f-01f5ab625d12,C270,P001,Phone,150.0,1,North,shipped,2025-04-09 10:36:38,2025-04-09
4c7ce73b-bd4a-4058-98db-56fdd67f9e29,C318,P003,Laptop,1000.0,3,South,cancelled,2025-04-09 10:36:40,2025-04-09
03be0aaf-3ab0-48ff-a5a0-8a5309765954,C568,P002,Headphones,150.0,4,South,cancelled,2025-04-09 10:36:42,2025-04-09
ec4860a6-c48e-48c8-a738-c42cd644cd8c,C704,P004,Phone,120.0,5,South,cancelled,2025-04-09 10:36:44,2025-04-09
e174b218-9599-4207-af6e-0f64f2c9aa01,C867,P001,Laptop,150.0,2,East,cancelled,2025-04-09 10:36:46,2025-04-09
bcb257a6-1b90-4c2d-97fd-eee3544ef0e2,C927,P002,Phone,150.0,2,North,placed,2025-04-09 10:36:48,2025-04-09
116b4660-4bb9-474f-bb0b-086d611284df,C950,P004,Phone,1000.0,5,North,shipped,2025-04-09 10:36:50,2025-04-09
dfee92b9-70ca-4709-b1ca-ae3c7dd4f685,C183,P004,Headphones,600.0,4,North,shipped,2025-04-09 10:36:52,2025-04-09
b45fce0f-2a27-4b59-9278-1e209075904a,C456,P001,Shoes,1000.0,5,East,cancelled,2025-04-09 10:36:54,2025-04-09
8d17d744-b7b4-4903-b2fb-cff9b6ed0438,C443,P002,Shoes,120.0,4,East,shipped,2025-04-09 10:36:56,2025-04-09
5cf87bb1-1410-4f5d-9c3e-cfd45e5c128a,C920,P002,Laptop,600.0,4,East,placed,2025-04-09 10:36:58,2025-04-09
7756cbc7-8865-4994-809f-46ce84fa118f,C300,P004,Laptop,1000.0,4,West,shipped,2025-04-09 10:37:00,2025-04-09
ee67bf79-cdaf-489e-91c7-0510b40205da,C476,P001,Shoes,1000.0,4,East,placed,2025-04-09 10:37:02,2025-04-09
292c0121-fcc4-4655-8cd0-3219413281c6,C996,P003,Laptop,1000.0,2,South,cancelled,2025-04-09 10:37:04,2025-04-09
4c04014d-7533-47fc-944d-2e808d0a883d,C434,P004,Shoes,600.0,4,East,placed,2025-04-09 10:37:06,2025-04-09
fd9a5d78-2f09-482d-82f7-f3a447ae7ca1,C617,P004,Phone,120.0,5,North,shipped,2025-04-09 10:37:08,2025-04-09
212052e4-b068-4ca1-a341-5246a9ed77f5,C891,P001,Laptop,1000.0,3,West,placed,2025-04-09 10:37:10,2025-04-09
1f141aaa-a147-4260-8e63-0971ac5fdead,C785,P001,Shoes,150.0,4,East,placed,2025-04-09 10:37:12,2025-04-09
27c8681d-671b-4b51-95c9-0c080a8b12e0,C337,P003,Laptop,600.0,4,East,shipped,2025-04-09 10:37:14,2025-04-09
84b2cb02-e561-4941-a18e-46f7fb574914,C697,P003,Headphones,150.0,1,East,cancelled,2025-04-09 10:37:16,2025-04-09
26a00e8a-337d-4eed-8fb0-8ede11a895bd,C779,P001,Phone,120.0,2,East,cancelled,2025-04-09 10:37:18,2025-04-09
e85e86d3-83a4-4b86-b327-616d00f1a696,C510,P001,Laptop,150.0,5,North,cancelled,2025-04-09 10:37:20,2025-04-09
ee26ef02-252d-4b01-8418-3691b86d86c5,C314,P001,Laptop,150.0,5,West,placed,2025-04-09 10:37:22,2025-04-09
3ce2d828-11a7-4498-b0e3-df649e9e46e2,C788,P001,Phone,120.0,2,West,shipped,2025-04-09 10:37:24,2025-04-09
9b360693-6e57-4fb2-a9ff-59ccfc0682dd,C346,P003,Phone,1000.0,1,North,placed,2025-04-09 10:37:26,2025-04-09
2caa1e2a-b8d7-4b80-b4f1-7eec1772271c,C694,P004,Laptop,150.0,2,East,placed,2025-04-09 10:37:28,2025-04-09
ec80c061-3779-49f1-a94c-05958f37d218,C308,P002,Headphones,150.0,5,West,shipped,2025-04-09 10:37:30,2025-04-09
e5f4a9eb-8e1c-4e0b-89a9-3d1630ee0a5b,C448,P003,Phone,1000.0,4,West,placed,2025-04-09 10:37:32,2025-04-09
